Workbook

Sheet 0. 경영분석도구의 구조
B3: 경영분석도구 (Decision Support Tools)
D6: M1. Historical Data Analysis | K6: M2. Business Intelligence Tools
D8: 1. Parameter Table | L8: 4. 재무분석 도구
M9: (1) 손익추정/수익성/제조원가/판관비
D10: 2. 의사결정 및 경영성과 | M10: (2) 현금흐름
E11: 1-1. 경제동향 | M11: (3) 재무상태
E12: 1-2. 연도별 의사결정 | M12: (4) 재무비율
E13: 1-3. 연도별 경영성과
D15: 3. 기초분석자료 | L15: 5. 생산성 분석 도구
E16: 3-1. 경영성과추세분석 | M16: (1) HR원가 분석
E17: 3-2. 경제동향 | M17: (2) EVA 분석
E18: 3-3. GDP 변화와 판매량간의 관계 | M18: (3) 생산성 분석
E19: 3-4. 계절변화와 판매량간의 관계
E20: 3-5. R&D와 제품모델 및 판매량과의 관계
E21: 3-6. 가격변화와 판매량간의 관계 | L21: 6. 경제성 분석 도구
E22: 3-7. 광고비와 판매량간의 관계 | M22: (1) 경제성 분석
E23: 3-8. 유통매장수와 판매량간의 관계 | M23: (2) BEP 분석
E24: 3-9. 매장당 판매촉진비와 판매량간의 관계 | M24: (3) NPV 분석
E25: 3-10. 영업직원수와 판매량간의 관계 | M25: (4) IRR 분석
E26: 3-11. 영업직원기본급과 판매량간의 관계
E27: 3-12. CSR활동과 브랜드 등급 및 판매량간의 관계 | L27: 7 What-if 및 시나리오 분석
E28: 3-13. 품질개선비와 품질등급간의 관계 | M28: (1) What-if 분석
E29: 3-14. 임직원 인센티브 및 교육훈련과 직원만족도 등급간의 관계 | M29: (2) 시나리오 분석
E30: 3-15. 계절에 따른 생산량변화 및 제품모델과 제조원가간의 관계
E31: 3-16. 생산직원 인건비/품질개선비와 생산량간의 관계

Sheet 2. 의사결정 및 경영성과
B2: 1. 경제동향 | E2: ▶ 과거 3년 간의 한국, U국가, C국가 시장에 대한 경제 지표 현황을 보여주는 Table입니다.
B4: 구분 | D4: 항 목 | E4: 1차년도 1분기 | H4: 1차년도 2분기 | K4: 1차년도 3분기 | N4: 1차년도 4분기 | Q4: 2차년도 1분기 | T4: 2차년도 2분기 | W4: 2차년도 3분기 | Z4: 2차년도 4분기 | AC4: 3차년도 1분기 | AF4: 3차년도 2분기 | AI4: 3차년도 3분기 | AL4: 3차년도 4분기 | AO4: 4차년도 1분기 | AR4: 4차년도 2분기 | AU4: 4차년도 3분기 | AX4: 4차년도 4분기 | BA4: 5차년도 1분기 | BD4: 5차년도 2분기 | BG4: 5차년도 3분기 | BJ4: 5차년도 4분기
E5: 한국 | F5: U국가 | G5: C국가 | H5: 한국 | I5: U국가 | J5: C국가 | K5: 한국 | L5: U국가 | M5: C국가 | N5: 한국 | O5: U국가 | P5: C국가 | Q5: 한국 | R5: U국가 | S5: C국가 | T5: 한국 | U5: U국가 | V5: C국가 | W5: 한국 | X5: U국가 | Y5: C국가 | Z5: 한국 | AA5: U국가 | AB5: C국가 | AC5: 한국 | AD5: U국가 | AE5: C국가 | AF5: 한국 | AG5: U국가 | AH5: C국가 | AI5: 한국 | AJ5: U국가 | AK5: C국가 | AL5: 한국 | AM5: U국가 | AN5: C국가 | AO5: 한국 | AP5: U국가 | AQ5: C국가 | AR5: 한국 | AS5: U국가 | AT5: C국가 | AU5: 한국 | AV5: U국가 | AW5: C국가 | AX5: 한국 | AY5: U국가 | AZ5: C국가 | BA5: 한국 | BB5: U국가 | BC5: C국가 | BD5: 한국 | BE5: U국가 | BF5: C국가 | BG5: 한국 | BH5: U국가 | BI5: C국가 | BJ5: 한국 | BK5: U국가 | BL5: C국가
B6: 경제 지표 | D6: 1.실질 GDP(%) | E6: 88.672676 | F6: 89.344151 | G6: 82.612314 | H6: 89.155316 | I6: 93.833408 | J6: 82.572932 | K6: 88.910266 | L6: 96.447938 | M6: 82.760084 | N6: 89.525241 | O6: 98.434207 | P6: 81.361394 | Q6: 91.198832 | R6: 100.57402 | S6: 82.21909 | T6: 96.499413 | U6: 103.54891 | V6: 86.109987 | W6: 99.917649 | X6: 105.19743 | Y6: 88.185344 | Z6: 102.05693 | AA6: 104.18728 | AB6: 88.678939 | AC6: 103.70163 | AD6: 103.86805 | AE6: 92.09732 | AF6: 105.04172 | AG6: 104.15266 | AH6: 96.48398 | AI6: 103.45433 | AJ6: 102.21242 | AK6: 99.220697 | AL6: 100 | AM6: 100 | AN6: 100
D7: 2.소비자 물가지수(%) | E7: 91.3 | F7: 92.9 | G7: 90.5 | H7: 92.1 | I7: 93.4 | J7: 91.2 | K7: 92.9 | L7: 94.2 | M7: 92.1 | N7: 94.1 | O7: 95 | P7: 93 | Q7: 94.9 | R7: 95.6 | S7: 94 | T7: 95.7 | U7: 96.2 | V7: 94.9 | W7: 96.4 | X7: 97 | Y7: 95.7 | Z7: 97 | AA7: 97.5 | AB7: 96.5 | AC7: 97.7 | AD7: 98.1 | AE7: 97.3 | AF7: 98.5 | AG7: 98.8 | AH7: 98.1 | AI7: 99.2 | AJ7: 99.4 | AK7: 99 | AL7: 100 | AM7: 100 | AN7: 100
D8: 3.환율(원) | E8: 1 | F8: 1050 | G8: 199 | H8: 1 | I8: 1060 | J8: 197 | K8: 1 | L8: 1072 | M8: 195 | N8: 1 | O8: 1080 | P8: 193 | Q8: 1 | R8: 1082 | S8: 189 | T8: 1 | U8: 1083 | V8: 188 | W8: 1 | X8: 1090 | Y8: 187 | Z8: 1 | AA8: 1098 | AB8: 185 | AC8: 1 | AD8: 1104 | AE8: 179 | AF8: 1 | AG8: 1106 | AH8: 176 | AI8: 1 | AJ8: 1102 | AK8: 175.3 | AL8: 1 | AM8: 1100 | AN8: 175
D9: 4.주가지수(P) | E9: 92.478926 | F9: 97.676668 | G9: 80.450834 | H9: 92.525673 | I9: 97.426054 | J9: 80.605572 | K9: 92.466218 | L9: 98.972392 | M9: 78.558335 | N9: 95.956959 | O9: 101.16438 | P9: 77.180368 | Q9: 98.446735 | R9: 105.57032 | S9: 81.510447 | T9: 102.27761 | U9: 106.73539 | V9: 83.215042 | W9: 106.16653 | X9: 107.93546 | Y9: 85.31187 | Z9: 106.83231 | AA9: 106.76769 | AB9: 88.608966 | AC9: 109.42323 | AD9: 106.94361 | AE9: 90.37308 | AF9: 107.676 | AG9: 104.81533 | AH9: 94.640839 | AI9: 103.90371 | AJ9: 103.81628 | AK9: 96.219402 | AL9: 100 | AM9: 100 | AN9: 100
D10: 5.CD 이자율(%) | E10: 5.8452487 | F10: 4.2332802 | G10: 6.2629669 | H10: 5.9867723 | I10: 4.3285754 | J10: 6.6274119 | K10: 6.5688036 | L10: 4.5450851 | M10: 6.9181135 | N10: 5.9189687 | O10: 4.086136 | P10: 7.1236407 | Q10: 5.768574 | R10: 4.0470215 | S10: 6.6560981 | T10: 5.8490077 | U10: 4.2041991 | V10: 6.4201678 | W10: 5.5047004 | X10: 4.0947785 | Y10: 6.573957 | Z10: 5.7958433 | AA10: 4.0753836 | AB10: 6.4378337 | AC10: 5.9589883 | AD10: 4.0979644 | AE10: 6.5701987 | AF10: 5.4698006 | AG10: 4.064525 | AH10: 6.7519894 | AI10: 5.7786355 | AJ10: 4.3052193 | AK10: 7.1188022 | AL10: 6.8963643 | AM10: 4.4640199 | AN10: 7.0867353
B12: 2. 연도별 의사결정 | E12: ▶ 과거 3년 간 경영 의사결정에 대한 현황을 보여주는 Table입니다.
B14: 역할 | C14: 분류 | D14: 항목 | E14: 1차년도 1분기 | H14: 1차년도 2분기 | K14: 1차년도 3분기 | N14: 1차년도 4분기 | Q14: 2차년도 1분기 | T14: 2차년도 2분기 | W14: 2차년도 3분기 | Z14: 2차년도 4분기 | AC14: 3차년도 1분기 | AF14: 3차년도 2분기 | AI14: 3차년도 3분기 | AL14: 3차년도 4분기 | AO14: 4차년도1분기 | AR14: 4차년도 2분기 | AU14: 4차년도3분기 | AX14: 4차년도 4분기 | BA14: 5차년도 1분기 | BD14: 5차년도 2분기 | BG14: 5차년도 3분기 | BJ14: 5차년도 4분기
E15: 한국 | F15: U국가 | G15: C국가 | H15: 한국 | I15: U국가 | J15: C국가 | K15: 한국 | L15: U국가 | M15: C국가 | N15: 한국 | O15: U국가 | P15: C국가 | Q15: 한국 | R15: U국가 | S15: C국가 | T15: 한국 | U15: U국가 | V15: C국가 | W15: 한국 | X15: U국가 | Y15: C국가 | Z15: 한국 | AA15: U국가 | AB15: C국가 | AC15: 한국 | AD15: U국가 | AE15: C국가 | AF15: 한국 | AG15: U국가 | AH15: C국가 | AI15: 한국 | AJ15: U국가 | AK15: C국가 | AL15: 한국 | AM15: U국가 | AN15: C국가 | AO15: 한국 | AP15: U국가 | AQ15: C국가 | AR15: 한국 | AS15: U국가 | AT15: C국가 | AU15: 한국 | AV15: U국가 | AW15: C국가 | AX15: 한국 | AY15: U국가 | AZ15: C국가 | BA15: 한국 | BB15: U국가 | BC15: C국가 | BD15: 한국 | BE15: U국가 | BF15: C국가 | BG15: 한국 | BH15: U국가 | BI15: C국가 | BJ15: 한국 | BK15: U국가 | BL15: C국가
B16: CEO | C16: 기술개발 및 상생 | D16: 1. CSR 활동비 | E16: 0 | H16: 0 | K16: 0 | N16: 100000000 | Q16: 150000000 | T16: 250000000 | W16: 280000000 | Z16: 350000000 | AC16: 420000000 | AF16: 460000000 | AI16: 480000000 | AL16: 500000000
D17: 2. 임직원 인센티브 | E17: 0 | H17: 0 | K17: 200000000 | N17: 300000000 | Q17: 500000000 | T17: 900000000 | W17: 950000000 | Z17: 1000000000 | AC17: 1100000000 | AF17: 1350000000 | AI17: 1400000000 | AL17: 1500000000
B18: CMO | C18: 제품 | D18: 1. 판매제품 모델 | E18: 1 | H18: 1 | K18: 1 | N18: 1 | Q18: 2 | T18: 2 | W18: 2 | Z18: 2 | AC18: 3 | AF18: 3 | AI18: 4 | AL18: 4
C19: 발주 | D19: 2. 영업본부 공장 발주량 | E19: 40000 | F19: 30000 | G19: 10000 | H19: 45000 | I19: 30000 | J19: 10000 | K19: 45000 | L19: 35000 | M19: 15000 | N19: 45000 | O19: 40000 | P19: 15000 | Q19: 40000 | R19: 35000 | S19: 15000 | T19: 45000 | U19: 40000 | V19: 15000 | W19: 65000 | X19: 40000 | Y19: 15000 | Z19: 65000 | AA19: 40000 | AB19: 15000 | AC19: 50000 | AD19: 35000 | AE19: 15000 | AF19: 55000 | AG19: 40000 | AH19: 25000 | AI19: 60000 | AJ19: 35000 | AK19: 28000 | AL19: 60000 | AM19: 30000 | AN19: 30000
C20: 가격 | D20: 3. 판매가격 | E20: 460000 | F20: 505 | G20: 2400 | H20: 470000 | I20: 512 | J20: 2450 | K20: 475000 | L20: 515 | M20: 2500 | N20: 480000 | O20: 520 | P20: 2650 | Q20: 525000 | R20: 550 | S20: 2900 | T20: 530000 | U20: 555 | V20: 2950 | W20: 540000 | X20: 560 | Y20: 3000 | Z20: 590000 | AA20: 595 | AB20: 3250 | AC20: 600000 | AD20: 600 | AE20: 3300 | AF20: 610000 | AG20: 615 | AH20: 3400 | AI20: 670000 | AJ20: 635 | AK20: 3700 | AL20: 680000 | AM20: 640 | AN20: 3800
C21: 유통 | D21: 4. 유통매장 신설(+) 및 폐쇄(-) | E21: 3 | F21: 1 | G21: 1 | H21: 2 | I21: 1 | J21: 1 | K21: 2 | L21: 1 | M21: 1 | N21: 3 | O21: 1 | P21: 1 | Q21: 4 | R21: 1 | S21: 1 | T21: 2 | U21: 2 | V21: 2 | W21: 2 | X21: 1 | Y21: 1 | Z21: 2 | AA21: 1 | AB21: 1 | AC21: 2 | AD21: 1 | AE21: 1 | AF21: 2 | AG21: 1 | AH21: 1 | AI21: 1 | AJ21: 2 | AK21: 1 | AL21: 5 | AM21: 2 | AN21: 3
C22: 판촉 | D22: 5. 광고비 | E22: 1500000000 | F22: 800000 | G22: 5500000 | H22: 1550000000 | I22: 900000 | J22: 6000000 | K22: 1700000000 | L22: 1050000 | M22: 6300000 | N22: 1750000000 | O22: 1055000 | P22: 6500000 | Q22: 1850000000 | R22: 1100000 | S22: 7000000 | T22: 2000000000 | U22: 1150000 | V22: 9000000 | W22: 2100000000 | X22: 1200000 | Y22: 9500000 | Z22: 2500000000 | AA22: 1550000 | AB22: 10000000 | AC22: 2550000000 | AD22: 1600000 | AE22: 10500000 | AF22: 2600000000 | AG22: 1700000 | AH22: 11000000 | AI22: 3000000000 | AJ22: 1800000 | AK22: 11500000 | AL22: 3200000000 | AM22: 1900000 | AN22: 12000000
D23: 6. 판매촉진비(매장당) | E23: 25000000 | F23: 25000 | G23: 80000 | H23: 26000000 | I23: 26500 | J23: 95000 | K23: 27500000 | L23: 26000 | M23: 100000 | N23: 28000000 | O23: 29000 | P23: 105000 | Q23: 31000000 | R23: 30500 | S23: 115000 | T23: 32000000 | U23: 31000 | V23: 120000 | W23: 33000000 | X23: 34000 | Y23: 125000 | Z23: 36500000 | AA23: 35000 | AB23: 130000 | AC23: 37000000 | AD23: 37000 | AE23: 135000 | AF23: 38000000 | AG23: 38000 | AH23: 140000 | AI23: 39000000 | AJ23: 39000 | AK23: 145000 | AL23: 40000000 | AM23: 40000 | AN23: 150000
B24: COO | C24: 정규생산라인 생산 계획 | D24: 1. 가동 생산라인 수 | E24: 4 | F24: 0 | G24: 0 | H24: 4 | I24: 0 | J24: 0 | K24: 5 | L24: 0 | M24: 0 | N24: 5 | O24: 0 | P24: 0 | Q24: 4 | R24: 0 | S24: 0 | T24: 5 | U24: 0 | V24: 0 | W24: 6 | X24: 0 | Y24: 0 | Z24: 6 | AA24: 0 | AB24: 0 | AC24: 6 | AD24: 0 | AE24: 0 | AF24: 6 | AG24: 0 | AH24: 0 | AI24: 6 | AJ24: 0 | AK24: 0 | AL24: 6 | AM24: 0 | AN24: 0
D25: 2. 조업중지 생산라인 수 | E25: 2 | F25: 0 | G25: 0 | H25: 2 | I25: 0 | J25: 0 | K25: 1 | L25: 0 | M25: 0 | N25: 1 | O25: 0 | P25: 0 | Q25: 2 | R25: 0 | S25: 0 | T25: 1 | U25: 0 | V25: 0 | W25: 0 | X25: 0 | Y25: 0 | Z25: 0 | AA25: 0 | AB25: 0 | AC25: 0 | AD25: 0 | AE25: 0 | AF25: 0 | AG25: 0 | AH25: 0 | AI25: 0 | AJ25: 0 | AK25: 0 | AL25: 0 | AM25: 0 | AN25: 0
D26: 3. 폐쇄 생산라인 수 | E26: 0 | F26: 0 | G26: 0 | H26: 0 | I26: 0 | J26: 0 | K26: 0 | L26: 0 | M26: 0 | N26: 0 | O26: 0 | P26: 0 | R26: 0 | S26: 0 | U26: 0 | V26: 0 | W26: 0 | X26: 0 | Y26: 0 | Z26: 0 | AA26: 0 | AB26: 0 | AC26: 0 | AD26: 0 | AE26: 0 | AF26: 0 | AG26: 0 | AH26: 0 | AI26: 0 | AJ26: 0 | AK26: 0 | AL26: 0 | AM26: 0 | AN26: 0
D27: 4. 생산라인 작업시간 | E27: 40 | F27: 0 | G27: 0 | H27: 40 | I27: 0 | J27: 0 | K27: 40 | L27: 0 | M27: 0 | N27: 40 | O27: 0 | P27: 0 | Q27: 40 | R27: 0 | S27: 0 | T27: 44 | U27: 0 | V27: 0 | W27: 44 | X27: 0 | Y27: 0 | Z27: 48 | AA27: 0 | AB27: 0 | AC27: 40 | AD27: 0 | AE27: 0 | AF27: 44 | AG27: 0 | AH27: 0 | AI27: 44 | AJ27: 0 | AK27: 0 | AL27: 48 | AM27: 0 | AN27: 0
C28: 2교대 생산라인 생산 계획 | D28: 5. 가동 생산라인 수 | E28: 0 | F28: 0 | G28: 0 | H28: 0 | I28: 0 | J28: 0 | K28: 0 | L28: 0 | M28: 0 | N28: 0 | O28: 0 | P28: 0 | Q28: 0 | R28: 0 | S28: 0 | T28: 0 | U28: 0 | V28: 0 | W28: 0 | X28: 0 | Y28: 0 | Z28: 0 | AA28: 0 | AB28: 0 | AC28: 0 | AD28: 0 | AE28: 0 | AF28: 0 | AG28: 0 | AH28: 0 | AI28: 0 | AJ28: 0 | AK28: 0 | AL28: 0 | AM28: 0 | AN28: 0
D29: 6. 조업중지 생산라인 수 | E29: 0 | F29: 0 | G29: 0 | H29: 0 | I29: 0 | J29: 0 | K29: 0 | L29: 0 | M29: 0 | N29: 0 | O29: 0 | P29: 0 | Q29: 0 | R29: 0 | S29: 0 | T29: 0 | U29: 0 | V29: 0 | W29: 0 | X29: 0 | Y29: 0 | Z29: 0 | AA29: 0 | AB29: 0 | AC29: 0 | AD29: 0 | AE29: 0 | AF29: 0 | AG29: 0 | AH29: 0 | AI29: 0 | AJ29: 0 | AK29: 0 | AL29: 0 | AM29: 0 | AN29: 0
D30: 7. 폐쇄 생산라인 수 | E30: 0 | F30: 0 | G30: 0 | H30: 0 | I30: 0 | J30: 0 | K30: 0 | L30: 0 | M30: 0 | N30: 0 | O30: 0 | P30: 0 | Q30: 0 | R30: 0 | S30: 0 | T30: 0 | U30: 0 | V30: 0 | W30: 0 | X30: 0 | Y30: 0 | Z30: 0 | AA30: 0 | AB30: 0 | AC30: 0 | AD30: 0 | AE30: 0 | AF30: 0 | AG30: 0 | AH30: 0 | AI30: 0 | AJ30: 0 | AK30: 0 | AL30: 0 | AM30: 0 | AN30: 0
D31: 8. 생산라인 작업시간 | E31: 0 | F31: 0 | G31: 0 | H31: 0 | I31: 0 | J31: 0 | K31: 0 | L31: 0 | M31: 0 | N31: 0 | O31: 0 | P31: 0 | Q31: 0 | R31: 0 | S31: 0 | T31: 0 | U31: 0 | V31: 0 | W31: 0 | X31: 0 | Y31: 0 | Z31: 0 | AA31: 0 | AB31: 0 | AC31: 0 | AD31: 0 | AE31: 0 | AF31: 0 | AG31: 0 | AH31: 0 | AI31: 0 | AJ31: 0 | AK31: 0 | AL31: 0 | AM31: 0 | AN31: 0
C32: 구매 | D32: 9. 부품 구매량 | E32: =E72 -> 83166 | F32: =F72 -> 0 | G32: =G72 -> 0 | H32: =H72 -> 86561 | I32: =I72 -> 0 | J32: =J72 -> 0 | K32: =K72 -> 98841 | L32: =L72 -> 0 | ... AH32: =AH72 -> 0 | AI32: 130020 | AJ32: 0 | AK32: 0 | AL32: 136080 | AM32: 0 | AN32: 0
C33: 생산 효율성 | D33: 10. 설비관리 보전비(라인 당) | E33: 20000000 | F33: =F73 -> 0 | G33: =G73 -> 0 | H33: 25000000 | I33: =I73 -> 0 | J33: =J73 -> 0 | K33: 28000000 | L33: =L73 -> 0 | M33: =M73 -> 0 | N33: 30000000 | O33: =O73 -> 0 | P33: =P73 -> 0 | Q33: 35000000 | R33: 0 | S33: 0 | T33: 37000000 | U33: 0 | V33: 0 | W33: 40000000 | X33: 0 | Y33: 0 | Z33: 42000000 | AA33: 0 | AB33: 0 | AC33: 43000000 | AD33: 0 | AE33: 0 | AF33: 45000000 | AG33: 0 | AH33: 0 | AI33: 48000000 | AJ33: 0 | AK33: 0 | AL33: 50000000 | AM33: 0 | AN33: 0
C34: 생산능력 조정 | D34: 11. 2교대생산라인 신설(1분기 소요) | E34: 0 | F34: 0 | G34: 0 | H34: 0 | I34: 0 | J34: 0 | K34: 0 | L34: 0 | M34: 0 | N34: 0 | O34: 0 | P34: 0 | Q34: 0 | R34: 0 | S34: 0 | T34: 0 | U34: 0 | V34: 0 | W34: 0 | X34: 0 | Y34: 0 | Z34: 0 | AA34: 0 | AB34: 0 | AC34: 0 | AD34: 0 | AE34: 0 | AF34: 0 | AG34: 0 | AH34: 0 | AI34: 0 | AJ34: 0 | AK34: 0 | AL34: 0 | AM34: 0 | AN34: 0
D35: 12. 정규생산라인 신설(2분기 소요) | E35: 0 | F35: 0 | G35: 0 | H35: 0 | I35: 0 | J35: 0 | K35: 0 | L35: 0 | M35: 0 | N35: 0 | O35: 0 | P35: 0 | Q35: 0 | R35: 0 | S35: 0 | T35: 0 | U35: 0 | V35: 0 | W35: 0 | X35: 0 | Y35: 0 | Z35: 0 | AA35: 0 | AB35: 0 | AC35: 0 | AD35: 0 | AE35: 0 | AF35: 0 | AG35: 0 | AH35: 0 | AI35: 0 | AJ35: 0 | AK35: 0 | AL35: 0 | AM35: 0 | AN35: 0
D36: 13. 공장신설(2분기 소요)및 폐쇄 | E36: 0 | F36: 0 | G36: 0 | H36: 0 | I36: 0 | J36: 0 | K36: 0 | L36: 0 | M36: 0 | N36: 0 | O36: 0 | P36: 0 | Q36: 0 | R36: 0 | S36: 0 | T36: 0 | U36: 0 | V36: 0 | W36: 0 | X36: 0 | Y36: 0 | Z36: 0 | AA36: 0 | AB36: 0 | AC36: 0 | AD36: 0 | AE36: 0 | AF36: 0 | AG36: 0 | AH36: 0 | AI36: 0 | AJ36: 0 | AK36: 0 | AL36: 0 | AM36: 0 | AN36: 0
B37: CTO | C37: R&D 기술개발 | D37: 1. 선행기술R&D투자비 | E37: 1120000000 | H37: 1.4e+09 | K37: 1.568e+09 | N37: 1.736e+09 | Q37: 1.848e+09 | T37: 2.044e+09 | W37: 2184000000 | Z37: 2296000000 | AC37: 2464000000 | AF37: 2.576e+09 | AI37: 2.688e+09 | AL37: 2.8e+09
D38: 2. 양산R&D투자비 | E38: 640000000 | H38: 650000000 | K38: 750000000 | N38: 810000000 | Q38: 920000000 | T38: 980000000 | W38: 1000000000 | Z38: 1040000000 | AC38: 1080000000 | AF38: 1100000000 | AI38: 1160000000 | AL38: 1200000000
C39: R&D 인력관리 | D39: 3. R&D인원수 채용(+) 및 해고(-) | E39: 10 | H39: 9 | K39: 8 | N39: 8 | Q39: 6 | T39: 6 | W39: 6 | Z39: 5 | AC39: 4 | AF39: 4 | AI39: 5 | AL39: 5
D40: 4. R&D고급인력 (스카우트 및 해고) | E40: 0 | H40: 0 | K40: 0 | N40: 4 | Q40: 5 | T40: 7 | W40: 7 | Z40: 6 | AC40: 7 | AF40: 7 | AI40: 5 | AL40: 3
D41: 5. R&D 인건비 | H41: =H44/80000000*90000000 -> 6277500 | K41: =K44/AL44*AL41 -> 6378750 | N41: =N44/AL44*AL41 -> 6480000 | Q41: =Q44/AL44*AL41 -> 6682500 | T41: =T44/AL44*AL41 -> 6986250 | W41: =W44/AL44*AL41 -> 7188750 | Z41: =Z44/AL44*AL41 -> 7330500 | AC41: =AC44/AL44*AL41 -> 7553250 | AF41: =AF44/AL44*AL41 -> 7695000 | AI41: =AI44/AL44*AL41 -> 8059500 | AL41: 9000000
B42: CHO | C42: 인력 관리 | D42: 1. 영업직원 채용(+) 및 해고(-) | E42: 28 | F42: 8 | G42: 9 | H42: 20 | I42: 10 | J42: 12 | K42: 30 | L42: 13 | M42: 17 | N42: 35 | O42: 16 | P42: 18 | Q42: 29 | R42: 15 | S42: 20 | T42: 32 | U42: 20 | V42: 26 | W42: 31 | X42: 19 | Y42: 20 | Z42: 37 | AA42: 10 | AB42: 15 | AC42: 25 | AD42: 13 | AE42: 15 | AF42: 28 | AG42: 12 | AH42: 10 | AI42: 32 | AJ42: 16 | AK42: 17 | AL42: 35 | AM42: 17 | AN42: 22
D43: 2. 디지털마케팅 고급인력(스카우트 및 해고) | E43: 0 | H43: 0 | K43: 0 | N43: 0 | Q43: 2 | T43: 3 | W43: 4 | Z43: 4 | AC43: 4 | AF43: 4 | AI43: 7 | AL43: 5
C44: 영업직원 임금과 보상 | D44: 3. 영업직원 기본급(인당) | E44: 5400000 | F44: 7884 | G44: 16200 | H44: 5580000 | I44: 8010 | J44: 16560 | K44: 5670000 | L44: 8100 | M44: 17640 | N44: 5760000 | O44: 8406 | P44: 18900 | Q44: 5940000 | R44: 8460 | S44: 19800 | T44: 6210000 | U44: 8550 | V44: 20700 | W44: 6390000 | X44: 8676 | Y44: 22140 | Z44: 6516000 | AA44: 8730 | AB44: 23040 | AC44: 6714000 | AD44: 8937 | AE44: 23760 | AF44: 6840000 | AG44: 8964 | AH44: 25200 | AI44: 7164000 | AJ44: 8982 | AK44: 26100 | AL44: 8000000 | AM44: 10000 | AN44: 30000
D45: 4. 영업직원 복리후생비(인당) | E45: 600000 | F45: 876 | G45: 1800 | H45: 620000 | I45: 890 | J45: 1840 | K45: 630000 | L45: 900 | M45: 1960 | N45: 640000 | O45: 934 | P45: 2100 | Q45: 660000 | R45: 940 | S45: 2200 | T45: 690000 | U45: 950 | V45: 2300 | W45: 710000 | X45: 964 | Y45: 2460 | Z45: 724000 | AA45: 970 | AB45: 2560 | AC45: 746000 | AD45: 993 | AE45: 2640 | AF45: 760000 | AG45: 996 | AH45: 2800 | AI45: 796000 | AJ45: 998 | AK45: 2900 | AL45: 800000 | AM45: 1000 | AN45: 3000
C46: 생산직원 임금과 보상 | D46: 5. 생산직원 기본급(라인당) | E46: 1395000000 | F46: 0 | G46: 0 | H46: 1422000000 | I46: 0 | J46: 0 | K46: 1485000000 | L46: 0 | M46: 0 | N46: 1512000000 | O46: 0 | P46: 0 | Q46: 1521000000 | R46: 0 | S46: 0 | T46: 1530000000 | U46: 0 | V46: 0 | W46: 1548000000 | X46: 0 | Y46: 0 | Z46: 1575000000 | AA46: 0 | AB46: 0 | AC46: 1620000000 | AD46: 0 | AE46: 0 | AF46: 1710000000 | AG46: 0 | AH46: 0 | AI46: 1755000000 | AJ46: 0 | AK46: 0 | AL46: 1800000000 | AM46: 0 | AN46: 0
D47: 6. 생산직원 복리후생비(라인당) | E47: 155000000 | F47: 0 | G47: 0 | H47: 158000000 | I47: 0 | J47: 0 | K47: 165000000 | L47: 0 | M47: 0 | N47: 168000000 | O47: 0 | P47: 0 | Q47: 169000000 | R47: 0 | S47: 0 | T47: 170000000 | U47: 0 | V47: 0 | W47: 172000000 | X47: 0 | Y47: 0 | Z47: 175000000 | AA47: 0 | AB47: 0 | AC47: 180000000 | AD47: 0 | AE47: 0 | AF47: 190000000 | AG47: 0 | AH47: 0 | AI47: 195000000 | AJ47: 0 | AK47: 0 | AL47: 200000000 | AM47: 0 | AN47: 0
C48: 교육 훈련 | D48: 7. 영업직원 교육훈련비(영업본부별) | E48: 152000000 | F48: 76000 | G48: 380000 | H48: 176000000 | I48: 88000 | J48: 440000 | K48: 252000000 | L48: 126000 | M48: 630000 | N48: 252000000 | O48: 126000 | P48: 630000 | Q48: 200000000 | R48: 100000 | S48: 500000 | T48: 276000000 | U48: 138000 | V48: 690000 | W48: 324000000 | X48: 162000 | Y48: 810000 | Z48: 336000000 | AA48: 168000 | AB48: 840000 | AC48: 347500000 | AD48: 173750 | AE48: 868750 | AF48: 350000000 | AG48: 175000 | AH48: 875000 | AI48: 390000000 | AJ48: 195000 | AK48: 975000 | AL48: 400000000 | AM48: 200000 | AN48: 1000000
D49: 8. 생산직원 교육훈련비(라인당) | E49: 48000000 | F49: 0 | G49: 0 | H49: 49600000 | I49: 0 | J49: 0 | K49: 51200000 | L49: 0 | M49: 0 | N49: 54400000 | O49: 0 | P49: 0 | Q49: 57600000 | R49: 0 | S49: 0 | T49: 60000000 | U49: 0 | V49: 0 | W49: 60800000 | X49: 0 | Y49: 0 | Z49: 62400000 | AA49: 0 | AB49: 0 | AC49: 65600000 | AD49: 0 | AE49: 0 | AF49: 67200000 | AG49: 0 | AH49: 0 | AI49: 72000000 | AJ49: 0 | AK49: 0 | AL49: 80000000 | AM49: 0 | AN49: 0
D50: 9. R&D 교육훈련비 | E50: 40000000 | H50: 45000000 | K50: 50000000 | N50: 60000000 | Q50: 70000000 | T50: 73000000 | W50: 80000000 | Z50: 85000000 | AC50: 87000000 | AF50: 91000000 | AI50: 95000000 | AL50: 100000000
B51: CFO | C51: 자금조달 | D51: 1. 은행대출 | E51: 0 | H51: 0 | K51: 0 | N51: 0 | Q51: 0 | T51: 0 | W51: 0 | Z51: 0 | AC51: 0 | AF51: 0 | AI51: 0 | AL51: 0
D52: 2. 회사채발행(상환 시 음수(-)) | E52: 0 | H52: 0 | K52: 0 | N52: 0 | Q52: 0 | T52: 0 | W52: 0 | Z52: 0 | AC52: 0 | AF52: 0 | AI52: 0 | AL52: 0
D53: 3. 주식발행(주식수) | E53: 0 | H53: 0 | K53: 0 | N53: 0 | Q53: 0 | T53: 0 | W53: 0 | Z53: 0 | AC53: 0 | AF53: 0 | AI53: 0 | AL53: 0
C54: 투자 | D54: 4. 양도성 예금증서 투자 | E54: 0 | H54: 0 | K54: 0 | N54: 0 | Q54: 0 | T54: 300,000,000 | W54: 0 | Z54: 0 | AC54: 2000000000 | AF54: 0 | AI54: 4000000000 | AL54: 5000000000
D55: 5. 펀드투자(계좌수) | E55: 0 | H55: 0 | K55: 0 | N55: 0 | Q55: 0 | T55: 0 | W55: 0 | Z55: 0 | AC55: 0 | AF55: 0 | AI55: 0 | AL55: 10000000
C56: 배당 | D56: 6. 배당(%) | E56: 0 | H56: 0 | K56: 0 | N56: 0 | Q56: 0 | T56: 0 | W56: 0 | Z56: 1 | AC56: 2 | AF56: 3 | AI56: 3 | AL56: 3
E57: =E45*2 -> 1200000 | F57: =F45*2 -> 1752 | G57: =G45*2 -> 3600 | H57: =H45*2 -> 1240000 | I57: =I45*2 -> 1780 | J57: =J45*2 -> 3680 | K57: =K45*2 -> 1260000 | L57: =L45*2 -> 1800 | ... AN57: =AN45*2 -> 6000
B58: 3. 연도별 경영 성과 | E58: ▶ 과거 3년 간 주요 경영 성과에 대한 현황을 보여주는 Table입니다.
B60: 구분 | D60: 항목 | E60: 1차년도 1분기 | H60: 1차년도 2분기 | K60: 1차년도 3분기 | N60: 1차년도 4분기 | Q60: 2차년도 1분기 | T60: 2차년도 2분기 | W60: 2차년도 3분기 | Z60: 2차년도 4분기 | AC60: 3차년도 1분기 | AF60: 3차년도 2분기 | AI60: 3차년도 3분기 | AL60: 3차년도 4분기 | AO60: 4차년도 1분기 | AR60: 4차년도 2분기 | AU60: 4차년도 3분기 | AX60: 4차년도 4분기 | BA60: 5차년도 1분기 | BD60: 5차년도 2분기 | BG60: 5차년도 3분기 | BJ60: 5차년도 4분기
E61: 한국 | F61: U국가 | G61: C국가 | H61: 한국 | I61: U국가 | J61: C국가 | K61: 한국 | L61: U국가 | M61: C국가 | N61: 한국 | O61: U국가 | P61: C국가 | Q61: 한국 | R61: U국가 | S61: C국가 | T61: 한국 | U61: U국가 | V61: C국가 | W61: 한국 | X61: U국가 | Y61: C국가 | Z61: 한국 | AA61: U국가 | AB61: C국가 | AC61: 한국 | AD61: U국가 | AE61: C국가 | AF61: 한국 | AG61: U국가 | AH61: C국가 | AI61: 한국 | AJ61: U국가 | AK61: C국가 | AL61: 한국 | AM61: U국가 | AN61: C국가 | AO61: 한국 | AP61: U국가 | AQ61: C국가 | AR61: 한국 | AS61: U국가 | AT61: C국가 | AU61: 한국 | AV61: U국가 | AW61: C국가 | AX61: 한국 | AY61: U국가 | AZ61: C국가 | BA61: 한국 | BB61: U국가 | BC61: C국가 | BD61: 한국 | BE61: U국가 | BF61: C국가 | BG61: 한국 | BH61: U국가 | BI61: C국가 | BJ61: 한국 | BK61: U국가 | BL61: C국가
B62: 경영성과 종합 | C62: 매출과 MS | D62: 1. 매출액 | E62: 33151687950 | H62: 47523605420 | K62: 46225732120 | N62: 54564429150 | Q62: 43306982400 | T62: 63579142610 | W62: 61613796600 | Z62: 82256656730 | AC62: 71903606400 | AF62: 90583806230 | AI62: 88839553740 | AL62: 88631620000
D63: 2. 시장점유율(%) | E63: - | H63: - | K63: - | N63: - | Q63: - | T63: - | W63: - | Z63: - | AC63: - | AF63: - | AI63: - | AL63: -
C64: 이익과 시장가치 | D64: 3. 당기순이익 | E64: -364768440 | H64: 3059295121 | K64: 2984019702 | N64: 4654162032 | Q64: 3456071751 | T64: 5911264883 | W64: 4343778682 | Z64: 3075618589 | AC64: 2689559000 | AF64: 4870881691 | AI64: 4969523434 | AL64: 4119883657
D65: 4. 주가 | E65: 4583 | H65: 5252 | K65: 5056 | N65: 6097 | Q65: 4878 | T65: 6389 | W65: 6251 | Z65: 6547 | AC65: 5724 | AF65: 6839 | AI65: 6142 | AL65: 5774
C66: 경쟁력 등급 | D66: 5. 브랜드 등급 | E66: 7 | H66: 7 | K66: 6 | N66: 6 | Q66: 6 | T66: 5 | W66: 5 | Z66: 5 | AC66: 4 | AF66: 4 | AI66: 4 | AL66: 4
D67: 6. 신용등급 | E67: 7 | H67: 4 | K67: 7 | N67: 3 | Q67: 7 | T67: 3 | W67: 3 | Z67: 2 | AC67: 4 | AF67: 2 | AI67: 3 | AL67: 4
B68: 마케팅 | C68: 판매량 | D68: 1. 판매량 | E68: 38739 | F68: 23963 | G68: 5497 | H68: 49455 | I68: 32381 | J68: 13894 | K68: 46095 | L68: 34739 | M68: 10568 | N68: 53923 | O68: 39025 | P68: 13227 | Q68: 38959 | R68: 34074 | S68: 4700 | T68: 59451 | U68: 39074 | V68: 15478 | W68: 53746 | X68: 39354 | Y68: 15275 | Z68: 73267 | AA68: 40033 | AB68: 21414 | AC68: 65552 | AD68: 33564 | AE68: 17504 | AF68: 80232 | AG68: 36277 | AH68: 28354 | AI68: 69981 | AJ68: 33702 | AK68: 28320 | AL68: 66680 | AM68: 32680 | AN68: 30500
D69: 2. 1인당 판매량 | E69: =E68/E80 -> 372.49038 | F69: =F68/F80 -> 427.91071 | G69: =G68/G80 -> 99.945455 | H69: =H68/H80 -> 405.36885 | I69: =I68/I80 -> 539.68333 | J69: =J68/J80 -> 239.55172 | K69: =K68/K80 -> 360.11719 | L69: =L68/L80 -> 534.44615 | ... AN69: =AN68/AN80 -> 234.61538
C70: 재고량 | D70: 3. 재고량 | E70: 4427 | F70: 6036 | G70: 4502 | H70: 1534 | I70: 3654 | J70: 608 | K70: 4280 | L70: 3915 | M70: 5040 | N70: 0 | O70: 4890 | P70: 6812 | Q70: 902 | R70: 5694 | S70: 17060 | T70: 0 | U70: 6620 | V70: 16582 | W70: 0 | X70: 7266 | Y70: 16306 | Z70: 0 | AA70: 6792 | AB70: 9726 | AC70: 6798 | AD70: 8227 | AE70: 7222 | AF70: 1623 | AG70: 11950 | AH70: 3867 | AI70: 8749 | AJ70: 6208 | AK70: 500 | AL70: 18149 | AM70: 3528 | AN70: 0
C71: 유통매장 수 | D71: 4. 유통매장 수 | E71: 3 | F71: 1 | G71: 1 | H71: 5 | I71: 2 | J71: 2 | K71: 7 | L71: 3 | M71: 3 | N71: 10 | O71: 4 | P71: 4 | Q71: 14 | R71: 5 | S71: 5 | T71: 16 | U71: 7 | V71: 7 | W71: 18 | X71: 8 | Y71: 8 | Z71: 20 | AA71: 9 | AB71: 9 | AC71: 22 | AD71: 10 | AE71: 10 | AF71: 24 | AG71: 11 | AH71: 11 | AI71: 25 | AJ71: 13 | AK71: 12 | AL71: 30 | AM71: 15 | AN71: 15
B72: 생산 | C72: 설비능력 및 효율성 등급 | D72: 1. 생산량 | E72: 83166 | F72: 0 | G72: 0 | H72: 86561 | I72: 0 | J72: 0 | K72: 98841 | L72: 0 | M72: 0 | N72: 100838 | O72: 0 | P72: 0 | Q72: 89689 | R72: 0 | S72: 0 | T72: 108201 | U72: 0 | V72: 0 | W72: 121846 | X72: 0 | Y72: 0 | Z72: 128679 | AA72: 0 | AB72: 0 | AC72: 122351 | AD72: 0 | AE72: 0 | AF72: 137532 | AG72: 0 | AH72: 0 | AI72: 130020 | AJ72: 0 | AK72: 0 | AL72: 136080 | AM72: 0 | AN72: 0
D73: 2. 제조원가 | E73: 243800 | F73: 0 | G73: 0 | H73: 249100 | I73: 0 | J73: 0 | K73: 251750 | L73: 0 | M73: 0 | N73: 254400 | O73: 0 | P73: 0 | Q73: 278250 | R73: 0 | S73: 0 | T73: 280900 | U73: 0 | V73: 0 | W73: 286200 | X73: 0 | Y73: 0 | Z73: 312700 | AA73: 0 | AB73: 0 | AC73: 318000 | AD73: 0 | AE73: 0 | AF73: 323300 | AG73: 0 | AH73: 0 | AI73: 360000 | AJ73: 0 | AK73: 0 | AL73: 361523 | AM73: 0 | AN73: 0
D74: 3. 생산라인 수 | E74: 6 | F74: 0 | G74: 0 | H74: 6 | I74: 0 | J74: 0 | K74: 6 | L74: 0 | M74: 0 | N74: 6 | O74: 0 | P74: 0 | Q74: 6 | R74: 0 | S74: 0 | T74: 6 | U74: 0 | V74: 0 | W74: 6 | X74: 0 | Y74: 0 | Z74: 6 | AA74: 0 | AB74: 0 | AC74: 6 | AD74: 0 | AE74: 0 | AF74: 6 | AG74: 0 | AH74: 0 | AI74: 6 | AJ74: 0 | AK74: 0 | AL74: 6 | AM74: 0 | AN74: 0
D75: 4. 설비 효율성 등급 | E75: 7 | F75: 0 | G75: 0 | H75: 7 | I75: 0 | J75: 0 | K75: 7 | L75: 0 | M75: 0 | N75: 6 | O75: 0 | P75: 0 | Q75: 6 | R75: 0 | S75: 0 | T75: 6 | U75: 0 | V75: 0 | W75: 5 | X75: 0 | Y75: 0 | Z75: 5 | AA75: 0 | AB75: 0 | AC75: 5 | AD75: 0 | AE75: 0 | AF75: 4 | AG75: 0 | AH75: 0 | AI75: 4 | AJ75: 0 | AK75: 0 | AL75: 4 | AM75: 0 | AN75: 0
B76: R&D | C76: R&D 성과 | D76: 1.신제품 모델 | E76: 1 | H76: 1 | K76: 1 | N76: 2 | Q76: 2 | T76: 2 | W76: 2 | Z76: 2 | AC76: 2 | AF76: 3 | AI76: 3 | AL76: 4
D77: 2. 품질 등급 | E77: 7 | H77: 7 | K77: 7 | N77: 6 | Q77: 6 | T77: 5 | W77: 5 | Z77: 5 | AC77: 5 | AF77: 5 | AI77: 4 | AL77: 4
C78: R&D 인력 | D78: 3. R&D인원수 | E78: 20 | F78: =F39 -> 0 | G78: =G39 -> 0 | H78: 25 | I78: =I39 -> 0 | J78: =J39 -> 0 | K78: 30 | L78: =L39 -> 0 | M78: =M39 -> 0 | N78: 32 | O78: =O39 -> 0 | P78: =P39 -> 0 | Q78: 40 | R78: =R39 -> 0 | S78: =S39 -> 0 | T78: 44 | U78: =U39 -> 0 | V78: =V39 -> 0 | W78: 50 | X78: =X39 -> 0 | Y78: =Y39 -> 0 | Z78: 55 | AA78: =AA39 -> 0 | AB78: =AB39 -> 0 | AC78: 62 | AD78: =AD39 -> 0 | AE78: =AE39 -> 0 | AF78: 65 | AG78: =AG39 -> 0 | AH78: =AH39 -> 0 | AI78: 70 | AJ78: =AJ39 -> 0 | AK78: =AK39 -> 0 | AL78: 73 | AM78: =AM39 -> 0 | AN78: =AN39 -> 0
D79: 4. R&D인원 생산성 등급 | E79: 7 | F79: 0 | G79: 0 | H79: 6 | I79: 0 | J79: 0 | K79: 6 | L79: 0 | M79: 0 | N79: 5 | O79: 0 | P79: 0 | Q79: 5 | R79: 0 | S79: 0 | T79: 5 | U79: 0 | V79: 0 | W79: 5 | X79: 0 | Y79: 0 | Z79: 5 | AA79: 0 | AB79: 0 | AC79: 5 | AD79: 0 | AE79: 0 | AF79: 4 | AG79: 0 | AH79: 0 | AI79: 4 | AJ79: 0 | AK79: 0 | AL79: 4 | AM79: 0 | AN79: 0
B80: HR | C80: 영업직원 수 | D80: 1. 활동중인 영업직원 수 | E80: 104 | F80: 56 | G80: 55 | H80: 122 | I80: 60 | J80: 58 | K80: 128 | L80: 65 | M80: 63 | N80: 145 | O80: 73 | P80: 74 | Q80: 168 | R80: 85 | S80: 84 | T80: 181 | U80: 94 | V80: 96 | W80: 193 | X80: 107 | Y80: 112 | Z80: 209 | AA80: 118 | AB80: 123 | AC80: 224 | AD80: 118 | AE80: 126 | AF80: 233 | AG80: 122 | AH80: 131 | AI80: 243 | AJ80: 126 | AK80: 128 | AL80: 250 | AM80: 130 | AN80: 130
C81: 생산 만족도 및 생산성 | D81: 2. 생산직원 만족도 등급 | E81: 7 | F81: 0 | G81: 0 | H81: 6 | I81: 0 | J81: 0 | K81: 6 | L81: 0 | M81: 0 | N81: 5 | O81: 0 | P81: 0 | Q81: 5 | R81: 0 | S81: 0 | T81: 5 | U81: 0 | V81: 0 | W81: 5 | X81: 0 | Y81: 0 | Z81: 5 | AA81: 0 | AB81: 0 | AC81: 5 | AD81: 0 | AE81: 0 | AF81: 4 | AG81: 0 | AH81: 0 | AI81: 4 | AJ81: 0 | AK81: 0 | AL81: 4 | AM81: 0 | AN81: 0
D82: 3. 생산직원 생산성 등급 | E82: 7 | F82: 0 | G82: 0 | H82: 7 | I82: 0 | J82: 0 | K82: 6 | L82: 0 | M82: 0 | N82: 6 | O82: 0 | P82: 0 | Q82: 6 | R82: 0 | S82: 0 | T82: 6 | U82: 0 | V82: 0 | W82: 5 | X82: 0 | Y82: 0 | Z82: 5 | AA82: 0 | AB82: 0 | AC82: 5 | AD82: 0 | AE82: 0 | AF82: 4 | AG82: 0 | AH82: 0 | AI82: 4 | AJ82: 0 | AK82: 0 | AL82: 4 | AM82: 0 | AN82: 0
C83: 영업 만족도 및 생산성 | D83: 4. 영업직원 만족도 등급 | E83: 7 | F83: 7 | G83: 7 | H83: 6 | I83: 6 | J83: 6 | K83: 6 | L83: 6 | M83: 6 | N83: 5 | O83: 5 | P83: 5 | Q83: 5 | R83: 5 | S83: 5 | T83: 5 | U83: 5 | V83: 5 | W83: 5 | X83: 5 | Y83: 5 | Z83: 5 | AA83: 5 | AB83: 5 | AC83: 5 | AD83: 5 | AE83: 5 | AF83: 4 | AG83: 4 | AH83: 4 | AI83: 4 | AJ83: 4 | AK83: 4 | AL83: 4 | AM83: 4 | AN83: 4
D84: 5. 유통매장 생산성 등급 | E84: 7 | F84: 7 | G84: 7 | H84: 7 | I84: 7 | J84: 7 | K84: 6 | L84: 6 | M84: 6 | N84: 6 | O84: 6 | P84: 6 | Q84: 6 | R84: 6 | S84: 6 | T84: 6 | U84: 6 | V84: 6 | W84: 5 | X84: 5 | Y84: 5 | Z84: 5 | AA84: 5 | AB84: 5 | AC84: 5 | AD84: 5 | AE84: 5 | AF84: 4 | AG84: 4 | AH84: 4 | AI84: 4 | AJ84: 4 | AK84: 4 | AL84: 4 | AM84: 4 | AN84: 4
B85: 재무 | C85: 손익 | D85: 1. 매출총이익 | E85: 12875817150 | H85: 25961260320 | K85: 21342510370 | N85: 28911241950 | Q85: 18351018150 | T85: 33185481710 | W85: 32141471400 | Z85: 42018733430 | AC85: 32995988400 | AF85: 46119710630 | AI85: 40790822160 | AL85: 41707834071
D86: 2. 영업이익 | E86: =E64*1.1 -> -4.0124528e+08 | H86: =H64*1.24 -> 3.793526e+09 | K86: =K64*1.24 -> 3.7001844e+09 | N86: =N64*1.24 -> 5.7711609e+09 | Q86: =Q64*1.24 -> 4.285529e+09 | T86: =T64*1.24 -> 7.3299685e+09 | W86: =W64*1.24 -> 5.3862856e+09 | Z86: =Z64*1.24 -> 3.8137671e+09 | AC86: =AC64*1.24 -> 3335053160 | AF86: =AF64*1.24 -> 6.0398933e+09 | AI86: =AI64*1.24 -> 6.1622091e+09 | AL86: 5069504571
C87: 현금흐름 | D87: 3. 현금의 증가/감소 | E87: -1.9712331e+08 | H87: 7.1521153e+08 | K87: 2.8150414e+09 | N87: 2.8736057e+09 | Q87: -4.4462427e+09 | T87: -1.232759e+09 | W87: 3.2410525e+09 | Z87: -2.2403977e+09 | AC87: 4.1214117e+09 | AF87: 2.5597117e+09 | AI87: 3008965883 | AL87: 807246572
D88: 4. 기말현금 | E88: 2.8028767e+09 | H88: 3.5180882e+09 | K88: 6.3331296e+09 | N88: 9.2067353e+09 | Q88: 4.7604925e+09 | T88: 3.5277335e+09 | W88: 6.768786e+09 | Z88: 4.5283883e+09 | AC88: 8.6498001e+09 | AF88: 1.1209512e+10 | AI88: 1.4218478e+10 | AL88: 15025724183
C89: 부채와 자산 | D89: 5. 부채총계 | E89: 1584858030 | H89: 0 | K89: 0 | N89: 0 | Q89: 0 | T89: 0 | W89: 0 | Z89: 0 | AC89: 0 | AF89: 0 | AI89: 0 | AL89: 0
D90: 6. 자산총계 | E90: 25000000000 | H90: 3.1001346e+10 | K90: 3.3853564e+10 | N90: 4.0939034e+10 | Q90: 4.1534189e+10 | T90: 4.8652222e+10 | W90: 5.2647899e+10 | Z90: 5.7651137e+10 | AC90: 5.8290503e+10 | AF90: 6.6365015e+10 | AI90: 68011535299 | AL90: 7.4315106e+10

Sheet 3. 기초 분석 자료
B2: ▶ 경영의사결정 변수들과 경영성과 지표들간의 상관 관계를 비교한 기초 분석 자료입니다. ▶ 매 분기 시스템에서 새로운 성과가 출력되면, 입력하면서 관리해야 합니다. (자동으로 연결되지 않음)
A4: 1. 경영성과 추세 분석
B5: 연도 | C5: 1차년도 | G5: 2차년도 | K5: 3차년도 | O5: 4차년도 | S5: 5차년도
B6: 분기 | C6: 1Q | D6: 2Q | E6: 3Q | F6: 4Q | G6: 1Q | H6: 2Q | I6: 3Q | J6: 4Q | K6: 1Q | L6: 2Q | M6: 3Q | N6: 4Q | O6: 1Q | P6: 2Q | Q6: 3Q | R6: 4Q | S6: 1Q | T6: 2Q | U6: 3Q | V6: 4Q
B7: 매출액 | C7: ='2. 의사결정 및 경영성과'!E62 -> 33151687950 | D7: ='2. 의사결정 및 경영성과'!H62 -> 47523605420 | E7: ='2. 의사결정 및 경영성과'!K62 -> 46225732120 | F7: ='2. 의사결정 및 경영성과'!N62 -> 54564429150 | G7: ='2. 의사결정 및 경영성과'!Q62 -> 43306982400 | H7: ='2. 의사결정 및 경영성과'!T62 -> 63579142610 | I7: ='2. 의사결정 및 경영성과'!W62 -> 61613796600 | J7: ='2. 의사결정 및 경영성과'!Z62 -> 82256656730 | K7: ='2. 의사결정 및 경영성과'!AC62 -> 71903606400 | L7: ='2. 의사결정 및 경영성과'!AF62 -> 90583806230 | M7: ='2. 의사결정 및 경영성과'!AI62 -> 88839553740 | N7: ='2. 의사결정 및 경영성과'!AL62 -> 88631620000 | O7: ='2. 의사결정 및 경영성과'!AO62 -> 0 | P7: ='2. 의사결정 및 경영성과'!AR62 -> 0 | Q7: ='2. 의사결정 및 경영성과'!AU62 -> 0 | R7: ='2. 의사결정 및 경영성과'!AX62 -> 0 | S7: ='2. 의사결정 및 경영성과'!BA62 -> 0 | T7: ='2. 의사결정 및 경영성과'!BD62 -> 0 | U7: ='2. 의사결정 및 경영성과'!BG62 -> 0 | V7: ='2. 의사결정 및 경영성과'!BJ62 -> 0
B8: 당기순이익 | C8: ='2. 의사결정 및 경영성과'!E64 -> -364768440 | D8: ='2. 의사결정 및 경영성과'!H64 -> 3059295121 | E8: ='2. 의사결정 및 경영성과'!K64 -> 2984019702 | F8: ='2. 의사결정 및 경영성과'!N64 -> 4654162032 | G8: ='2. 의사결정 및 경영성과'!Q64 -> 3456071751 | H8: ='2. 의사결정 및 경영성과'!T64 -> 5911264883 | I8: ='2. 의사결정 및 경영성과'!W64 -> 4343778682 | J8: ='2. 의사결정 및 경영성과'!Z64 -> 3075618589 | K8: ='2. 의사결정 및 경영성과'!AC64 -> 2689559000 | L8: ='2. 의사결정 및 경영성과'!AF64 -> 4870881691 | M8: ='2. 의사결정 및 경영성과'!AI64 -> 4969523434 | N8: ='2. 의사결정 및 경영성과'!AL64 -> 4119883657 | O8: ='2. 의사결정 및 경영성과'!AO64 -> 0 | P8: ='2. 의사결정 및 경영성과'!AR64 -> 0 | Q8: ='2. 의사결정 및 경영성과'!AU64 -> 0 | R8: ='2. 의사결정 및 경영성과'!AX64 -> 0 | S8: ='2. 의사결정 및 경영성과'!BA64 -> 0 | T8: ='2. 의사결정 및 경영성과'!BD64 -> 0 | U8: ='2. 의사결정 및 경영성과'!BG64 -> 0 | V8: ='2. 의사결정 및 경영성과'!BJ64 -> 0
B9: 신용등급 | C9: ='2. 의사결정 및 경영성과'!E67 -> 7 | D9: ='2. 의사결정 및 경영성과'!H67 -> 4 | E9: ='2. 의사결정 및 경영성과'!K67 -> 7 | F9: ='2. 의사결정 및 경영성과'!N67 -> 3 | G9: ='2. 의사결정 및 경영성과'!Q67 -> 7 | H9: ='2. 의사결정 및 경영성과'!T67 -> 3 | I9: ='2. 의사결정 및 경영성과'!W67 -> 3 | J9: ='2. 의사결정 및 경영성과'!Z67 -> 2 | K9: ='2. 의사결정 및 경영성과'!AC67 -> 4 | L9: ='2. 의사결정 및 경영성과'!AF67 -> 2 | M9: ='2. 의사결정 및 경영성과'!AI67 -> 3 | N9: ='2. 의사결정 및 경영성과'!AL67 -> 4 | O9: ='2. 의사결정 및 경영성과'!AO67 -> 0 | P9: ='2. 의사결정 및 경영성과'!AR67 -> 0 | Q9: ='2. 의사결정 및 경영성과'!AU67 -> 0 | R9: ='2. 의사결정 및 경영성과'!AX67 -> 0 | S9: ='2. 의사결정 및 경영성과'!BA67 -> 0 | T9: ='2. 의사결정 및 경영성과'!BD67 -> 0 | U9: ='2. 의사결정 및 경영성과'!BG67 -> 0 | V9: ='2. 의사결정 및 경영성과'!BJ67 -> 0
B10: 주가 | C10: ='2. 의사결정 및 경영성과'!E65 -> 4583 | D10: ='2. 의사결정 및 경영성과'!H65 -> 5252 | E10: ='2. 의사결정 및 경영성과'!K65 -> 5056 | F10: ='2. 의사결정 및 경영성과'!N65 -> 6097 | G10: ='2. 의사결정 및 경영성과'!Q65 -> 4878 | H10: ='2. 의사결정 및 경영성과'!T65 -> 6389 | I10: ='2. 의사결정 및 경영성과'!W65 -> 6251 | J10: ='2. 의사결정 및 경영성과'!Z65 -> 6547 | K10: ='2. 의사결정 및 경영성과'!AC65 -> 5724 | L10: ='2. 의사결정 및 경영성과'!AF65 -> 6839 | M10: ='2. 의사결정 및 경영성과'!AI65 -> 6142 | N10: ='2. 의사결정 및 경영성과'!AL65 -> 5774 | O10: ='2. 의사결정 및 경영성과'!AO65 -> 0 | P10: ='2. 의사결정 및 경영성과'!AR65 -> 0 | Q10: ='2. 의사결정 및 경영성과'!AU65 -> 0 | R10: ='2. 의사결정 및 경영성과'!AX65 -> 0 | S10: ='2. 의사결정 및 경영성과'!BA65 -> 0 | T10: ='2. 의사결정 및 경영성과'!BD65 -> 0 | U10: ='2. 의사결정 및 경영성과'!BG65 -> 0 | V10: ='2. 의사결정 및 경영성과'!BJ65 -> 0
B11: 기말현금 | C11: ='2. 의사결정 및 경영성과'!E88 -> 2.8028767e+09 | D11: ='2. 의사결정 및 경영성과'!H88 -> 3.5180882e+09 | E11: ='2. 의사결정 및 경영성과'!K88 -> 6.3331296e+09 | F11: ='2. 의사결정 및 경영성과'!N88 -> 9.2067353e+09 | G11: ='2. 의사결정 및 경영성과'!Q88 -> 4.7604925e+09 | H11: ='2. 의사결정 및 경영성과'!T88 -> 3.5277335e+09 | I11: ='2. 의사결정 및 경영성과'!W88 -> 6.768786e+09 | J11: ='2. 의사결정 및 경영성과'!Z88 -> 4.5283883e+09 | K11: ='2. 의사결정 및 경영성과'!AC88 -> 8.6498001e+09 | L11: ='2. 의사결정 및 경영성과'!AF88 -> 1.1209512e+10 | M11: ='2. 의사결정 및 경영성과'!AI88 -> 1.4218478e+10 | N11: ='2. 의사결정 및 경영성과'!AL88 -> 15025724183 | O11: ='2. 의사결정 및 경영성과'!AO88 -> 0 | P11: ='2. 의사결정 및 경영성과'!AR88 -> 0 | Q11: ='2. 의사결정 및 경영성과'!AU88 -> 0 | R11: ='2. 의사결정 및 경영성과'!AX88 -> 0 | S11: ='2. 의사결정 및 경영성과'!BA88 -> 0 | T11: ='2. 의사결정 및 경영성과'!BD88 -> 0 | U11: ='2. 의사결정 및 경영성과'!BG88 -> 0 | V11: ='2. 의사결정 및 경영성과'!BJ88 -> 0
A35: 2. 경제 동향
A36: 경제지표 | B36: 영업본부 | C36: 1차년도 | G36: 2차년도 | K36: 3차년도 | O36: 4차년도 | S36: 5차년도
C37: 1Q | D37: 2Q | E37: 3Q | F37: 4Q | G37: 1Q | H37: 2Q | I37: 3Q | J37: 4Q | K37: 1Q | L37: 2Q | M37: 3Q | N37: 4Q | O37: 1Q | P37: 2Q | Q37: 3Q | R37: 4Q | S37: 1Q | T37: 2Q | U37: 3Q | V37: 4Q
A38: 실질 GDP | B38: 한국 | C38: ='2. 의사결정 및 경영성과'!E6 -> 88.672676 | D38: ='2. 의사결정 및 경영성과'!H6 -> 89.155316 | E38: ='2. 의사결정 및 경영성과'!K6 -> 88.910266 | F38: ='2. 의사결정 및 경영성과'!N6 -> 89.525241 | G38: ='2. 의사결정 및 경영성과'!Q6 -> 91.198832 | H38: ='2. 의사결정 및 경영성과'!T6 -> 96.499413 | I38: ='2. 의사결정 및 경영성과'!W6 -> 99.917649 | J38: ='2. 의사결정 및 경영성과'!Z6 -> 102.05693 | K38: ='2. 의사결정 및 경영성과'!AC6 -> 103.70163 | L38: ='2. 의사결정 및 경영성과'!AF6 -> 105.04172 | M38: ='2. 의사결정 및 경영성과'!AI6 -> 103.45433 | N38: ='2. 의사결정 및 경영성과'!AL6 -> 100 | O38: ='2. 의사결정 및 경영성과'!AO6 -> 0 | P38: ='2. 의사결정 및 경영성과'!AR6 -> 0 | Q38: ='2. 의사결정 및 경영성과'!AU6 -> 0 | R38: ='2. 의사결정 및 경영성과'!AX6 -> 0 | S38: ='2. 의사결정 및 경영성과'!BA6 -> 0 | T38: ='2. 의사결정 및 경영성과'!BD6 -> 0 | U38: ='2. 의사결정 및 경영성과'!BG6 -> 0 | V38: ='2. 의사결정 및 경영성과'!BJ6 -> 0
B39: U국가 | C39: ='2. 의사결정 및 경영성과'!F6 -> 89.344151 | D39: ='2. 의사결정 및 경영성과'!I6 -> 93.833408 | E39: ='2. 의사결정 및 경영성과'!L6 -> 96.447938 | F39: ='2. 의사결정 및 경영성과'!O6 -> 98.434207 | G39: ='2. 의사결정 및 경영성과'!R6 -> 100.57402 | H39: ='2. 의사결정 및 경영성과'!U6 -> 103.54891 | I39: ='2. 의사결정 및 경영성과'!X6 -> 105.19743 | J39: ='2. 의사결정 및 경영성과'!AA6 -> 104.18728 | K39: ='2. 의사결정 및 경영성과'!AD6 -> 103.86805 | L39: ='2. 의사결정 및 경영성과'!AG6 -> 104.15266 | M39: ='2. 의사결정 및 경영성과'!AJ6 -> 102.21242 | N39: ='2. 의사결정 및 경영성과'!AM6 -> 100 | O39: ='2. 의사결정 및 경영성과'!AP6 -> 0 | P39: ='2. 의사결정 및 경영성과'!AS6 -> 0 | Q39: ='2. 의사결정 및 경영성과'!AV6 -> 0 | R39: ='2. 의사결정 및 경영성과'!AY6 -> 0 | S39: ='2. 의사결정 및 경영성과'!BB6 -> 0 | T39: ='2. 의사결정 및 경영성과'!BE6 -> 0 | U39: ='2. 의사결정 및 경영성과'!BH6 -> 0 | V39: ='2. 의사결정 및 경영성과'!BK6 -> 0
B40: C국가 | C40: ='2. 의사결정 및 경영성과'!G6 -> 82.612314 | D40: ='2. 의사결정 및 경영성과'!J6 -> 82.572932 | E40: ='2. 의사결정 및 경영성과'!M6 -> 82.760084 | F40: ='2. 의사결정 및 경영성과'!P6 -> 81.361394 | G40: ='2. 의사결정 및 경영성과'!S6 -> 82.21909 | H40: ='2. 의사결정 및 경영성과'!V6 -> 86.109987 | I40: ='2. 의사결정 및 경영성과'!Y6 -> 88.185344 | J40: ='2. 의사결정 및 경영성과'!AB6 -> 88.678939 | K40: ='2. 의사결정 및 경영성과'!AE6 -> 92.09732 | L40: ='2. 의사결정 및 경영성과'!AH6 -> 96.48398 | M40: ='2. 의사결정 및 경영성과'!AK6 -> 99.220697 | N40: ='2. 의사결정 및 경영성과'!AN6 -> 100 | O40: ='2. 의사결정 및 경영성과'!AQ6 -> 0 | P40: ='2. 의사결정 및 경영성과'!AT6 -> 0 | Q40: ='2. 의사결정 및 경영성과'!AW6 -> 0 | R40: ='2. 의사결정 및 경영성과'!AZ6 -> 0 | S40: ='2. 의사결정 및 경영성과'!BC6 -> 0 | T40: ='2. 의사결정 및 경영성과'!BF6 -> 0 | U40: ='2. 의사결정 및 경영성과'!BI6 -> 0 | V40: ='2. 의사결정 및 경영성과'!BL6 -> 0
A41: 소비자 물가지수 | B41: 한국 | C41: ='2. 의사결정 및 경영성과'!E7 -> 91.3 | D41: ='2. 의사결정 및 경영성과'!H7 -> 92.1 | E41: ='2. 의사결정 및 경영성과'!K7 -> 92.9 | F41: ='2. 의사결정 및 경영성과'!N7 -> 94.1 | G41: ='2. 의사결정 및 경영성과'!Q7 -> 94.9 | H41: ='2. 의사결정 및 경영성과'!T7 -> 95.7 | I41: ='2. 의사결정 및 경영성과'!W7 -> 96.4 | J41: ='2. 의사결정 및 경영성과'!Z7 -> 97 | K41: ='2. 의사결정 및 경영성과'!AC7 -> 97.7 | L41: ='2. 의사결정 및 경영성과'!AF7 -> 98.5 | M41: ='2. 의사결정 및 경영성과'!AI7 -> 99.2 | N41: ='2. 의사결정 및 경영성과'!AL7 -> 100 | O41: ='2. 의사결정 및 경영성과'!AO7 -> 0 | P41: ='2. 의사결정 및 경영성과'!AR7 -> 0 | Q41: ='2. 의사결정 및 경영성과'!AU7 -> 0 | R41: ='2. 의사결정 및 경영성과'!AX7 -> 0 | S41: ='2. 의사결정 및 경영성과'!BA7 -> 0 | T41: ='2. 의사결정 및 경영성과'!BD7 -> 0 | U41: ='2. 의사결정 및 경영성과'!BG7 -> 0 | V41: ='2. 의사결정 및 경영성과'!BJ7 -> 0
B42: U국가 | C42: ='2. 의사결정 및 경영성과'!F7 -> 92.9 | D42: ='2. 의사결정 및 경영성과'!I7 -> 93.4 | E42: ='2. 의사결정 및 경영성과'!L7 -> 94.2 | F42: ='2. 의사결정 및 경영성과'!O7 -> 95 | G42: ='2. 의사결정 및 경영성과'!R7 -> 95.6 | H42: ='2. 의사결정 및 경영성과'!U7 -> 96.2 | I42: ='2. 의사결정 및 경영성과'!X7 -> 97 | J42: ='2. 의사결정 및 경영성과'!AA7 -> 97.5 | K42: ='2. 의사결정 및 경영성과'!AD7 -> 98.1 | L42: ='2. 의사결정 및 경영성과'!AG7 -> 98.8 | M42: ='2. 의사결정 및 경영성과'!AJ7 -> 99.4 | N42: ='2. 의사결정 및 경영성과'!AM7 -> 100 | O42: ='2. 의사결정 및 경영성과'!AP7 -> 0 | P42: ='2. 의사결정 및 경영성과'!AS7 -> 0 | Q42: ='2. 의사결정 및 경영성과'!AV7 -> 0 | R42: ='2. 의사결정 및 경영성과'!AY7 -> 0 | S42: ='2. 의사결정 및 경영성과'!BB7 -> 0 | T42: ='2. 의사결정 및 경영성과'!BE7 -> 0 | U42: ='2. 의사결정 및 경영성과'!BH7 -> 0 | V42: ='2. 의사결정 및 경영성과'!BK7 -> 0
B43: C국가 | C43: ='2. 의사결정 및 경영성과'!G7 -> 90.5 | D43: ='2. 의사결정 및 경영성과'!J7 -> 91.2 | E43: ='2. 의사결정 및 경영성과'!M7 -> 92.1 | F43: ='2. 의사결정 및 경영성과'!P7 -> 93 | G43: ='2. 의사결정 및 경영성과'!S7 -> 94 | H43: ='2. 의사결정 및 경영성과'!V7 -> 94.9 | I43: ='2. 의사결정 및 경영성과'!Y7 -> 95.7 | J43: ='2. 의사결정 및 경영성과'!AB7 -> 96.5 | K43: ='2. 의사결정 및 경영성과'!AE7 -> 97.3 | L43: ='2. 의사결정 및 경영성과'!AH7 -> 98.1 | M43: ='2. 의사결정 및 경영성과'!AK7 -> 99 | N43: ='2. 의사결정 및 경영성과'!AN7 -> 100 | O43: ='2. 의사결정 및 경영성과'!AQ7 -> 0 | P43: ='2. 의사결정 및 경영성과'!AT7 -> 0 | Q43: ='2. 의사결정 및 경영성과'!AW7 -> 0 | R43: ='2. 의사결정 및 경영성과'!AZ7 -> 0 | S43: ='2. 의사결정 및 경영성과'!BC7 -> 0 | T43: ='2. 의사결정 및 경영성과'!BF7 -> 0 | U43: ='2. 의사결정 및 경영성과'!BI7 -> 0 | V43: ='2. 의사결정 및 경영성과'!BL7 -> 0
A44: 환율 | B44: 한국 | C44: 1 | D44: 1 | E44: 1 | F44: 1 | G44: 1 | H44: 1 | I44: 1 | J44: 1 | K44: 1 | L44: 1 | M44: 1 | N44: 1 | O44: ='2. 의사결정 및 경영성과'!AO8 -> 0 | P44: ='2. 의사결정 및 경영성과'!AR8 -> 0 | Q44: ='2. 의사결정 및 경영성과'!AU8 -> 0 | R44: ='2. 의사결정 및 경영성과'!AX8 -> 0 | S44: ='2. 의사결정 및 경영성과'!BA8 -> 0 | T44: ='2. 의사결정 및 경영성과'!BD8 -> 0 | U44: ='2. 의사결정 및 경영성과'!BG8 -> 0 | V44: ='2. 의사결정 및 경영성과'!BJ8 -> 0
B45: U국가 | C45: ='2. 의사결정 및 경영성과'!F8 -> 1050 | D45: ='2. 의사결정 및 경영성과'!I8 -> 1060 | E45: ='2. 의사결정 및 경영성과'!L8 -> 1072 | F45: ='2. 의사결정 및 경영성과'!O8 -> 1080 | G45: ='2. 의사결정 및 경영성과'!R8 -> 1082 | H45: ='2. 의사결정 및 경영성과'!U8 -> 1083 | I45: ='2. 의사결정 및 경영성과'!X8 -> 1090 | J45: ='2. 의사결정 및 경영성과'!AA8 -> 1098 | K45: ='2. 의사결정 및 경영성과'!AD8 -> 1104 | L45: ='2. 의사결정 및 경영성과'!AG8 -> 1106 | M45: ='2. 의사결정 및 경영성과'!AJ8 -> 1102 | N45: ='2. 의사결정 및 경영성과'!AM8 -> 1100 | O45: ='2. 의사결정 및 경영성과'!AP8 -> 0 | P45: ='2. 의사결정 및 경영성과'!AS8 -> 0 | Q45: ='2. 의사결정 및 경영성과'!AV8 -> 0 | R45: ='2. 의사결정 및 경영성과'!AY8 -> 0 | S45: ='2. 의사결정 및 경영성과'!BB8 -> 0 | T45: ='2. 의사결정 및 경영성과'!BE8 -> 0 | U45: ='2. 의사결정 및 경영성과'!BH8 -> 0 | V45: ='2. 의사결정 및 경영성과'!BK8 -> 0
B46: C국가 | C46: ='2. 의사결정 및 경영성과'!G8 -> 199 | D46: ='2. 의사결정 및 경영성과'!J8 -> 197 | E46: ='2. 의사결정 및 경영성과'!M8 -> 195 | F46: ='2. 의사결정 및 경영성과'!P8 -> 193 | G46: ='2. 의사결정 및 경영성과'!S8 -> 189 | H46: ='2. 의사결정 및 경영성과'!V8 -> 188 | I46: ='2. 의사결정 및 경영성과'!Y8 -> 187 | J46: ='2. 의사결정 및 경영성과'!AB8 -> 185 | K46: ='2. 의사결정 및 경영성과'!AE8 -> 179 | L46: ='2. 의사결정 및 경영성과'!AH8 -> 176 | M46: ='2. 의사결정 및 경영성과'!AK8 -> 175.3 | N46: ='2. 의사결정 및 경영성과'!AN8 -> 175 | O46: ='2. 의사결정 및 경영성과'!AQ8 -> 0 | P46: ='2. 의사결정 및 경영성과'!AT8 -> 0 | Q46: ='2. 의사결정 및 경영성과'!AW8 -> 0 | R46: ='2. 의사결정 및 경영성과'!AZ8 -> 0 | S46: ='2. 의사결정 및 경영성과'!BC8 -> 0 | T46: ='2. 의사결정 및 경영성과'!BF8 -> 0 | U46: ='2. 의사결정 및 경영성과'!BI8 -> 0 | V46: ='2. 의사결정 및 경영성과'!BL8 -> 0
A47: 기업별 판매량 | B47: 한국 | C47: ='2. 의사결정 및 경영성과'!E68 -> 38739 | D47: ='2. 의사결정 및 경영성과'!H68 -> 49455 | E47: ='2. 의사결정 및 경영성과'!K68 -> 46095 | F47: ='2. 의사결정 및 경영성과'!N68 -> 53923 | G47: ='2. 의사결정 및 경영성과'!Q68 -> 38959 | H47: ='2. 의사결정 및 경영성과'!T68 -> 59451 | I47: ='2. 의사결정 및 경영성과'!W68 -> 53746 | J47: ='2. 의사결정 및 경영성과'!Z68 -> 73267 | K47: ='2. 의사결정 및 경영성과'!AC68 -> 65552 | L47: ='2. 의사결정 및 경영성과'!AF68 -> 80232 | M47: ='2. 의사결정 및 경영성과'!AI68 -> 69981 | N47: ='2. 의사결정 및 경영성과'!AL68 -> 66680 | O47: ='2. 의사결정 및 경영성과'!AO68 -> 0 | P47: ='2. 의사결정 및 경영성과'!AR68 -> 0 | Q47: ='2. 의사결정 및 경영성과'!AU68 -> 0 | R47: ='2. 의사결정 및 경영성과'!AX68 -> 0 | S47: ='2. 의사결정 및 경영성과'!BA68 -> 0 | T47: ='2. 의사결정 및 경영성과'!BD68 -> 0 | U47: ='2. 의사결정 및 경영성과'!BG68 -> 0 | V47: ='2. 의사결정 및 경영성과'!BJ68 -> 0
B48: U국가 | C48: ='2. 의사결정 및 경영성과'!F68 -> 23963 | D48: ='2. 의사결정 및 경영성과'!I68 -> 32381 | E48: ='2. 의사결정 및 경영성과'!L68 -> 34739 | F48: ='2. 의사결정 및 경영성과'!O68 -> 39025 | G48: ='2. 의사결정 및 경영성과'!R68 -> 34074 | H48: ='2. 의사결정 및 경영성과'!U68 -> 39074 | I48: ='2. 의사결정 및 경영성과'!X68 -> 39354 | J48: ='2. 의사결정 및 경영성과'!AA68 -> 40033 | K48: ='2. 의사결정 및 경영성과'!AD68 -> 33564 | L48: ='2. 의사결정 및 경영성과'!AG68 -> 36277 | M48: ='2. 의사결정 및 경영성과'!AJ68 -> 33702 | N48: ='2. 의사결정 및 경영성과'!AM68 -> 32680 | O48: ='2. 의사결정 및 경영성과'!AP68 -> 0 | P48: ='2. 의사결정 및 경영성과'!AS68 -> 0 | Q48: ='2. 의사결정 및 경영성과'!AV68 -> 0 | R48: ='2. 의사결정 및 경영성과'!AY68 -> 0 | S48: ='2. 의사결정 및 경영성과'!BB68 -> 0 | T48: ='2. 의사결정 및 경영성과'!BE68 -> 0 | U48: ='2. 의사결정 및 경영성과'!BH68 -> 0 | V48: ='2. 의사결정 및 경영성과'!BK68 -> 0
B49: C국가 | C49: ='2. 의사결정 및 경영성과'!G68 -> 5497 | D49: ='2. 의사결정 및 경영성과'!J68 -> 13894 | E49: ='2. 의사결정 및 경영성과'!M68 -> 10568 | F49: ='2. 의사결정 및 경영성과'!P68 -> 13227 | G49: ='2. 의사결정 및 경영성과'!S68 -> 4700 | H49: ='2. 의사결정 및 경영성과'!V68 -> 15478 | I49: ='2. 의사결정 및 경영성과'!Y68 -> 15275 | J49: ='2. 의사결정 및 경영성과'!AB68 -> 21414 | K49: ='2. 의사결정 및 경영성과'!AE68 -> 17504 | L49: ='2. 의사결정 및 경영성과'!AH68 -> 28354 | M49: ='2. 의사결정 및 경영성과'!AK68 -> 28320 | N49: ='2. 의사결정 및 경영성과'!AN68 -> 30500 | O49: ='2. 의사결정 및 경영성과'!AQ68 -> 0 | P49: ='2. 의사결정 및 경영성과'!AT68 -> 0 | Q49: ='2. 의사결정 및 경영성과'!AW68 -> 0 | R49: ='2. 의사결정 및 경영성과'!AZ68 -> 0 | S49: ='2. 의사결정 및 경영성과'!BC68 -> 0 | T49: ='2. 의사결정 및 경영성과'!BF68 -> 0 | U49: ='2. 의사결정 및 경영성과'!BI68 -> 0 | V49: ='2. 의사결정 및 경영성과'!BL68 -> 0
B50: 총합 | C50: =SUM(C47:C49) -> 68199 | D50: =SUM(D47:D49) -> 95730 | E50: =SUM(E47:E49) -> 91402 | F50: =SUM(F47:F49) -> 106175 | G50: =SUM(G47:G49) -> 77733 | H50: =SUM(H47:H49) -> 114003 | I50: =SUM(I47:I49) -> 108375 | J50: =SUM(J47:J49) -> 134714 | ... V50: =SUM(V47:V49) -> 0
A65: 3. GDP 변화와 판매량간의 관계
A81: 4. 계절 변화와 판매량간의 관계
B82: 영업본부 | C82: 1차년도 | G82: 2차년도 | K82: 3차년도 | O82: 4차년도 | S82: 5차년도
C83: 1Q | D83: 2Q | E83: 3Q | F83: 4Q | G83: 1Q | H83: 2Q | I83: 3Q | J83: 4Q | K83: 1Q | L83: 2Q | M83: 3Q | N83: 4Q | O83: 1Q | P83: 2Q | Q83: 3Q | R83: 4Q | S83: 1Q | T83: 2Q | U83: 3Q | V83: 4Q
B84: 한국 판매량 | C84: =C$47 -> 38739 | D84: =D$47 -> 49455 | E84: =E$47 -> 46095 | F84: =F$47 -> 53923 | G84: =G$47 -> 38959 | H84: =H$47 -> 59451 | I84: =I$47 -> 53746 | J84: =J$47 -> 73267 | ... V84: =V$47 -> 0
B85: U국가 판매량 | C85: =C$48 -> 23963 | D85: =D$48 -> 32381 | E85: =E$48 -> 34739 | F85: =F$48 -> 39025 | G85: =G$48 -> 34074 | H85: =H$48 -> 39074 | I85: =I$48 -> 39354 | J85: =J$48 -> 40033 | ... V85: =V$48 -> 0
B86: C국가 판매량 | C86: =C$49 -> 5497 | D86: =D$49 -> 13894 | E86: =E$49 -> 10568 | F86: =F$49 -> 13227 | G86: =G$49 -> 4700 | H86: =H$49 -> 15478 | I86: =I$49 -> 15275 | J86: =J$49 -> 21414 | ... V86: =V$49 -> 0
B87: 총 판매량 | C87: =C$50 -> 68199 | D87: =D$50 -> 95730 | E87: =E$50 -> 91402 | F87: =F$50 -> 106175 | G87: =G$50 -> 77733 | H87: =H$50 -> 114003 | I87: =I$50 -> 108375 | J87: =J$50 -> 134714 | ... V87: =V$50 -> 0
A105: 5. R&D와 제품 모델 및 판매량간의 관계
B106: 영업본부 | C106: 1차년도 | G106: 2차년도 | K106: 3차년도 | O106: 4차년도 | S106: 5차년도
C107: 1Q | D107: 2Q | E107: 3Q | F107: 4Q | G107: 1Q | H107: 2Q | I107: 3Q | J107: 4Q | K107: 1Q | L107: 2Q | M107: 3Q | N107: 4Q | O107: 1Q | P107: 2Q | Q107: 3Q | R107: 4Q | S107: 1Q | T107: 2Q | U107: 3Q | V107: 4Q
B108: ='2. 의사결정 및 경영성과'!$D$37 -> 1. 선행기술R&D투자비 | C108: ='2. 의사결정 및 경영성과'!$E$37 -> 1120000000 | D108: ='2. 의사결정 및 경영성과'!$H$37 -> 1.4e+09 | E108: ='2. 의사결정 및 경영성과'!$E$37 -> 1120000000 | F108: ='2. 의사결정 및 경영성과'!$H$37 -> 1.4e+09 | G108: ='2. 의사결정 및 경영성과'!$E$37 -> 1120000000 | H108: ='2. 의사결정 및 경영성과'!$H$37 -> 1.4e+09 | I108: ='2. 의사결정 및 경영성과'!$E$37 -> 1120000000 | J108: ='2. 의사결정 및 경영성과'!$H$37 -> 1.4e+09 | K108: ='2. 의사결정 및 경영성과'!$E$37 -> 1120000000 | L108: ='2. 의사결정 및 경영성과'!$H$37 -> 1.4e+09 | M108: ='2. 의사결정 및 경영성과'!$E$37 -> 1120000000 | N108: ='2. 의사결정 및 경영성과'!$H$37 -> 1.4e+09 | O108: ='2. 의사결정 및 경영성과'!$E$37 -> 1120000000 | P108: ='2. 의사결정 및 경영성과'!$H$37 -> 1.4e+09 | Q108: ='2. 의사결정 및 경영성과'!$E$37 -> 1120000000 | R108: ='2. 의사결정 및 경영성과'!$H$37 -> 1.4e+09 | S108: ='2. 의사결정 및 경영성과'!$E$37 -> 1120000000 | T108: ='2. 의사결정 및 경영성과'!$H$37 -> 1.4e+09 | U108: ='2. 의사결정 및 경영성과'!$E$37 -> 1120000000 | V108: ='2. 의사결정 및 경영성과'!$H$37 -> 1.4e+09
B109: 판매 모델번호 | C109: ='2. 의사결정 및 경영성과'!E18 -> 1 | D109: ='2. 의사결정 및 경영성과'!H18 -> 1 | E109: ='2. 의사결정 및 경영성과'!K18 -> 1 | F109: ='2. 의사결정 및 경영성과'!N18 -> 1 | G109: ='2. 의사결정 및 경영성과'!Q18 -> 2 | H109: ='2. 의사결정 및 경영성과'!T18 -> 2 | I109: ='2. 의사결정 및 경영성과'!W18 -> 2 | J109: ='2. 의사결정 및 경영성과'!Z18 -> 2 | K109: ='2. 의사결정 및 경영성과'!AC18 -> 3 | L109: ='2. 의사결정 및 경영성과'!AF18 -> 3 | M109: ='2. 의사결정 및 경영성과'!AI18 -> 4 | N109: ='2. 의사결정 및 경영성과'!AL18 -> 4 | O109: ='2. 의사결정 및 경영성과'!AO18 -> 0 | P109: ='2. 의사결정 및 경영성과'!AR18 -> 0 | Q109: ='2. 의사결정 및 경영성과'!AU18 -> 0 | R109: ='2. 의사결정 및 경영성과'!AX18 -> 0 | S109: ='2. 의사결정 및 경영성과'!BA18 -> 0 | T109: ='2. 의사결정 및 경영성과'!BD18 -> 0 | U109: ='2. 의사결정 및 경영성과'!BG18 -> 0 | V109: ='2. 의사결정 및 경영성과'!BJ18 -> 0
B110: 한국 판매량 | C110: =C$47 -> 38739 | D110: =D$47 -> 49455 | E110: =E$47 -> 46095 | F110: =F$47 -> 53923 | G110: =G$47 -> 38959 | H110: =H$47 -> 59451 | I110: =I$47 -> 53746 | J110: =J$47 -> 73267 | ... V110: =V$47 -> 0
B111: U국가 판매량 | C111: =C$48 -> 23963 | D111: =D$48 -> 32381 | E111: =E$48 -> 34739 | F111: =F$48 -> 39025 | G111: =G$48 -> 34074 | H111: =H$48 -> 39074 | I111: =I$48 -> 39354 | J111: =J$48 -> 40033 | ... V111: =V$48 -> 0
B112: C국가 판매량 | C112: =C$49 -> 5497 | D112: =D$49 -> 13894 | E112: =E$49 -> 10568 | F112: =F$49 -> 13227 | G112: =G$49 -> 4700 | H112: =H$49 -> 15478 | I112: =I$49 -> 15275 | J112: =J$49 -> 21414 | ... V112: =V$49 -> 0
B113: 총 판매량 | C113: =C$50 -> 68199 | D113: =D$50 -> 95730 | E113: =E$50 -> 91402 | F113: =F$50 -> 106175 | G113: =G$50 -> 77733 | H113: =H$50 -> 114003 | I113: =I$50 -> 108375 | J113: =J$50 -> 134714 | ... V113: =V$50 -> 0
A129: 6. 가격과 판매량간의 관계
A130: 영업본부 | B130: 연도 | C130: 1차년도 | G130: 2차년도 | K130: 3차년도 | O130: 4차년도 | S130: 5차년도
B131: 분기 | C131: 1Q | D131: 2Q | E131: 3Q | F131: 4Q | G131: 1Q | H131: 2Q | I131: 3Q | J131: 4Q | K131: 1Q | L131: 2Q | M131: 3Q | N131: 4Q | O131: 1Q | P131: 2Q | Q131: 3Q | R131: 4Q | S131: 1Q | T131: 2Q | U131: 3Q | V131: 4Q
A132: 한국 | B132: 가격(원) | C132: ='2. 의사결정 및 경영성과'!E20 -> 460000 | D132: ='2. 의사결정 및 경영성과'!H20 -> 470000 | E132: ='2. 의사결정 및 경영성과'!K20 -> 475000 | F132: ='2. 의사결정 및 경영성과'!N20 -> 480000 | G132: ='2. 의사결정 및 경영성과'!Q20 -> 525000 | H132: ='2. 의사결정 및 경영성과'!T20 -> 530000 | I132: ='2. 의사결정 및 경영성과'!W20 -> 540000 | J132: ='2. 의사결정 및 경영성과'!Z20 -> 590000 | K132: ='2. 의사결정 및 경영성과'!AC20 -> 600000 | L132: ='2. 의사결정 및 경영성과'!AF20 -> 610000 | M132: ='2. 의사결정 및 경영성과'!AI20 -> 670000 | N132: ='2. 의사결정 및 경영성과'!AL20 -> 680000 | O132: ='2. 의사결정 및 경영성과'!AO20 -> 0 | P132: ='2. 의사결정 및 경영성과'!AR20 -> 0 | Q132: ='2. 의사결정 및 경영성과'!AU20 -> 0 | R132: ='2. 의사결정 및 경영성과'!AX20 -> 0 | S132: ='2. 의사결정 및 경영성과'!BA20 -> 0 | T132: ='2. 의사결정 및 경영성과'!BD20 -> 0 | U132: ='2. 의사결정 및 경영성과'!BG20 -> 0 | V132: ='2. 의사결정 및 경영성과'!BJ20 -> 0
B133: 판매량 | C133: =C$47 -> 38739 | D133: =D$47 -> 49455 | E133: =E$47 -> 46095 | F133: =F$47 -> 53923 | G133: =G$47 -> 38959 | H133: =H$47 -> 59451 | I133: =I$47 -> 53746 | J133: =J$47 -> 73267 | ... V133: =V$47 -> 0
A134: U국가 | B134: 가격(달러) | C134: ='2. 의사결정 및 경영성과'!F20 -> 505 | D134: ='2. 의사결정 및 경영성과'!I20 -> 512 | E134: ='2. 의사결정 및 경영성과'!L20 -> 515 | F134: ='2. 의사결정 및 경영성과'!O20 -> 520 | G134: ='2. 의사결정 및 경영성과'!R20 -> 550 | H134: ='2. 의사결정 및 경영성과'!U20 -> 555 | I134: ='2. 의사결정 및 경영성과'!X20 -> 560 | J134: ='2. 의사결정 및 경영성과'!AA20 -> 595 | K134: ='2. 의사결정 및 경영성과'!AD20 -> 600 | L134: ='2. 의사결정 및 경영성과'!AG20 -> 615 | M134: ='2. 의사결정 및 경영성과'!AJ20 -> 635 | N134: ='2. 의사결정 및 경영성과'!AM20 -> 640 | O134: ='2. 의사결정 및 경영성과'!AP20 -> 0 | P134: ='2. 의사결정 및 경영성과'!AS20 -> 0 | Q134: ='2. 의사결정 및 경영성과'!AV20 -> 0 | R134: ='2. 의사결정 및 경영성과'!AY20 -> 0 | S134: ='2. 의사결정 및 경영성과'!BB20 -> 0 | T134: ='2. 의사결정 및 경영성과'!BE20 -> 0 | U134: ='2. 의사결정 및 경영성과'!BH20 -> 0 | V134: ='2. 의사결정 및 경영성과'!BK20 -> 0
B135: 판매량 | C135: =C$48 -> 23963 | D135: =D$48 -> 32381 | E135: =E$48 -> 34739 | F135: =F$48 -> 39025 | G135: =G$48 -> 34074 | H135: =H$48 -> 39074 | I135: =I$48 -> 39354 | J135: =J$48 -> 40033 | ... V135: =V$48 -> 0
A136: C국가 | B136: 가격(위안) | C136: ='2. 의사결정 및 경영성과'!G20 -> 2400 | D136: ='2. 의사결정 및 경영성과'!J20 -> 2450 | E136: ='2. 의사결정 및 경영성과'!M20 -> 2500 | F136: ='2. 의사결정 및 경영성과'!P20 -> 2650 | G136: ='2. 의사결정 및 경영성과'!S20 -> 2900 | H136: ='2. 의사결정 및 경영성과'!V20 -> 2950 | I136: ='2. 의사결정 및 경영성과'!Y20 -> 3000 | J136: ='2. 의사결정 및 경영성과'!AB20 -> 3250 | K136: ='2. 의사결정 및 경영성과'!AE20 -> 3300 | L136: ='2. 의사결정 및 경영성과'!AH20 -> 3400 | M136: ='2. 의사결정 및 경영성과'!AK20 -> 3700 | N136: ='2. 의사결정 및 경영성과'!AN20 -> 3800 | O136: ='2. 의사결정 및 경영성과'!AQ20 -> 0 | P136: ='2. 의사결정 및 경영성과'!AT20 -> 0 | Q136: ='2. 의사결정 및 경영성과'!AW20 -> 0 | R136: ='2. 의사결정 및 경영성과'!AZ20 -> 0 | S136: ='2. 의사결정 및 경영성과'!BC20 -> 0 | T136: ='2. 의사결정 및 경영성과'!BF20 -> 0 | U136: ='2. 의사결정 및 경영성과'!BI20 -> 0 | V136: ='2. 의사결정 및 경영성과'!BL20 -> 0
B137: 판매량 | C137: =C$49 -> 5497 | D137: =D$49 -> 13894 | E137: =E$49 -> 10568 | F137: =F$49 -> 13227 | G137: =G$49 -> 4700 | H137: =H$49 -> 15478 | I137: =I$49 -> 15275 | J137: =J$49 -> 21414 | ... V137: =V$49 -> 0
A153: 7. 광고비와 판매량간의 관계
A154: 영업본부 | B154: 연도 | C154: 1차년도 | G154: 2차년도 | K154: 3차년도 | O154: 4차년도 | S154: 5차년도
B155: 분기 | C155: 1Q | D155: 2Q | E155: 3Q | F155: 4Q | G155: 1Q | H155: 2Q | I155: 3Q | J155: 4Q | K155: 1Q | L155: 2Q | M155: 3Q | N155: 4Q | O155: 1Q | P155: 2Q | Q155: 3Q | R155: 4Q | S155: 1Q | T155: 2Q | U155: 3Q | V155: 4Q
A156: 한국 | B156: 광고비(원) | C156: ='2. 의사결정 및 경영성과'!E22 -> 1500000000 | D156: ='2. 의사결정 및 경영성과'!H22 -> 1550000000 | E156: ='2. 의사결정 및 경영성과'!K22 -> 1700000000 | F156: ='2. 의사결정 및 경영성과'!N22 -> 1750000000 | G156: ='2. 의사결정 및 경영성과'!Q22 -> 1850000000 | H156: ='2. 의사결정 및 경영성과'!T22 -> 2000000000 | I156: ='2. 의사결정 및 경영성과'!W22 -> 2100000000 | J156: ='2. 의사결정 및 경영성과'!Z22 -> 2500000000 | K156: ='2. 의사결정 및 경영성과'!AC22 -> 2550000000 | L156: ='2. 의사결정 및 경영성과'!AF22 -> 2600000000 | M156: ='2. 의사결정 및 경영성과'!AI22 -> 3000000000 | N156: ='2. 의사결정 및 경영성과'!AL22 -> 3200000000 | O156: ='2. 의사결정 및 경영성과'!AO22 -> 0 | P156: ='2. 의사결정 및 경영성과'!AR22 -> 0 | Q156: ='2. 의사결정 및 경영성과'!AU22 -> 0 | R156: ='2. 의사결정 및 경영성과'!AX22 -> 0 | S156: ='2. 의사결정 및 경영성과'!BA22 -> 0 | T156: ='2. 의사결정 및 경영성과'!BD22 -> 0 | U156: ='2. 의사결정 및 경영성과'!BG22 -> 0 | V156: ='2. 의사결정 및 경영성과'!BJ22 -> 0
B157: 판매량 | C157: =C$47 -> 38739 | D157: =D$47 -> 49455 | E157: =E$47 -> 46095 | F157: =F$47 -> 53923 | G157: =G$47 -> 38959 | H157: =H$47 -> 59451 | I157: =I$47 -> 53746 | J157: =J$47 -> 73267 | ... V157: =V$47 -> 0
A158: U국가 | B158: 광고비(달러) | C158: ='2. 의사결정 및 경영성과'!F22 -> 800000 | D158: ='2. 의사결정 및 경영성과'!I22 -> 900000 | E158: ='2. 의사결정 및 경영성과'!L22 -> 1050000 | F158: ='2. 의사결정 및 경영성과'!O22 -> 1055000 | G158: ='2. 의사결정 및 경영성과'!R22 -> 1100000 | H158: ='2. 의사결정 및 경영성과'!U22 -> 1150000 | I158: ='2. 의사결정 및 경영성과'!X22 -> 1200000 | J158: ='2. 의사결정 및 경영성과'!AA22 -> 1550000 | K158: ='2. 의사결정 및 경영성과'!AD22 -> 1600000 | L158: ='2. 의사결정 및 경영성과'!AG22 -> 1700000 | M158: ='2. 의사결정 및 경영성과'!AJ22 -> 1800000 | N158: ='2. 의사결정 및 경영성과'!AM22 -> 1900000 | O158: ='2. 의사결정 및 경영성과'!AP22 -> 0 | P158: ='2. 의사결정 및 경영성과'!AS22 -> 0 | Q158: ='2. 의사결정 및 경영성과'!AV22 -> 0 | R158: ='2. 의사결정 및 경영성과'!AY22 -> 0 | S158: ='2. 의사결정 및 경영성과'!BB22 -> 0 | T158: ='2. 의사결정 및 경영성과'!BE22 -> 0 | U158: ='2. 의사결정 및 경영성과'!BH22 -> 0 | V158: ='2. 의사결정 및 경영성과'!BK22 -> 0
B159: 판매량 | C159: =C$48 -> 23963 | D159: =D$48 -> 32381 | E159: =E$48 -> 34739 | F159: =F$48 -> 39025 | G159: =G$48 -> 34074 | H159: =H$48 -> 39074 | I159: =I$48 -> 39354 | J159: =J$48 -> 40033 | ... V159: =V$48 -> 0
A160: C국가 | B160: 광고비(위안) | C160: ='2. 의사결정 및 경영성과'!G22 -> 5500000 | D160: ='2. 의사결정 및 경영성과'!J22 -> 6000000 | E160: ='2. 의사결정 및 경영성과'!M22 -> 6300000 | F160: ='2. 의사결정 및 경영성과'!P22 -> 6500000 | G160: ='2. 의사결정 및 경영성과'!S22 -> 7000000 | H160: ='2. 의사결정 및 경영성과'!V22 -> 9000000 | I160: ='2. 의사결정 및 경영성과'!Y22 -> 9500000 | J160: ='2. 의사결정 및 경영성과'!AB22 -> 10000000 | K160: ='2. 의사결정 및 경영성과'!AE22 -> 10500000 | L160: ='2. 의사결정 및 경영성과'!AH22 -> 11000000 | M160: ='2. 의사결정 및 경영성과'!AK22 -> 11500000 | N160: ='2. 의사결정 및 경영성과'!AN22 -> 12000000 | O160: ='2. 의사결정 및 경영성과'!AQ22 -> 0 | P160: ='2. 의사결정 및 경영성과'!AT22 -> 0 | Q160: ='2. 의사결정 및 경영성과'!AW22 -> 0 | R160: ='2. 의사결정 및 경영성과'!AZ22 -> 0 | S160: ='2. 의사결정 및 경영성과'!BC22 -> 0 | T160: ='2. 의사결정 및 경영성과'!BF22 -> 0 | U160: ='2. 의사결정 및 경영성과'!BI22 -> 0 | V160: ='2. 의사결정 및 경영성과'!BL22 -> 0
B161: 판매량 | C161: =C$49 -> 5497 | D161: =D$49 -> 13894 | E161: =E$49 -> 10568 | F161: =F$49 -> 13227 | G161: =G$49 -> 4700 | H161: =H$49 -> 15478 | I161: =I$49 -> 15275 | J161: =J$49 -> 21414 | ... V161: =V$49 -> 0
A178: 8. 유통매장수와 판매량간의 관계
A179: 영업본부 | B179: 연도 | C179: 1차년도 | G179: 2차년도 | K179: 3차년도 | O179: 4차년도 | S179: 5차년도
B180: 분기 | C180: 1Q | D180: 2Q | E180: 3Q | F180: 4Q | G180: 1Q | H180: 2Q | I180: 3Q | J180: 4Q | K180: 1Q | L180: 2Q | M180: 3Q | N180: 4Q | O180: 1Q | P180: 2Q | Q180: 3Q | R180: 4Q | S180: 1Q | T180: 2Q | U180: 3Q | V180: 4Q
A181: 한국 | B181: 매장수 | C181: ='2. 의사결정 및 경영성과'!E71 -> 3 | D181: ='2. 의사결정 및 경영성과'!H71 -> 5 | E181: ='2. 의사결정 및 경영성과'!K71 -> 7 | F181: ='2. 의사결정 및 경영성과'!N71 -> 10 | G181: ='2. 의사결정 및 경영성과'!Q71 -> 14 | H181: ='2. 의사결정 및 경영성과'!T71 -> 16 | I181: ='2. 의사결정 및 경영성과'!W71 -> 18 | J181: ='2. 의사결정 및 경영성과'!Z71 -> 20 | K181: ='2. 의사결정 및 경영성과'!AC71 -> 22 | L181: ='2. 의사결정 및 경영성과'!AF71 -> 24 | M181: ='2. 의사결정 및 경영성과'!AI71 -> 25 | N181: ='2. 의사결정 및 경영성과'!AL71 -> 30 | O181: ='2. 의사결정 및 경영성과'!AO71 -> 0 | P181: ='2. 의사결정 및 경영성과'!AR71 -> 0 | Q181: ='2. 의사결정 및 경영성과'!AU71 -> 0 | R181: ='2. 의사결정 및 경영성과'!AX71 -> 0 | S181: ='2. 의사결정 및 경영성과'!BA71 -> 0 | T181: ='2. 의사결정 및 경영성과'!BD71 -> 0 | U181: ='2. 의사결정 및 경영성과'!BG71 -> 0 | V181: ='2. 의사결정 및 경영성과'!BJ71 -> 0
B182: 판매량 | C182: =C$47 -> 38739 | D182: =D$47 -> 49455 | E182: =E$47 -> 46095 | F182: =F$47 -> 53923 | G182: =G$47 -> 38959 | H182: =H$47 -> 59451 | I182: =I$47 -> 53746 | J182: =J$47 -> 73267 | ... V182: =V$47 -> 0
A183: U국가 | B183: 매장수 | C183: ='2. 의사결정 및 경영성과'!F71 -> 1 | D183: ='2. 의사결정 및 경영성과'!I71 -> 2 | E183: ='2. 의사결정 및 경영성과'!L71 -> 3 | F183: ='2. 의사결정 및 경영성과'!O71 -> 4 | G183: ='2. 의사결정 및 경영성과'!R71 -> 5 | H183: ='2. 의사결정 및 경영성과'!U71 -> 7 | I183: ='2. 의사결정 및 경영성과'!X71 -> 8 | J183: ='2. 의사결정 및 경영성과'!AA71 -> 9 | K183: ='2. 의사결정 및 경영성과'!AD71 -> 10 | L183: ='2. 의사결정 및 경영성과'!AG71 -> 11 | M183: ='2. 의사결정 및 경영성과'!AJ71 -> 13 | N183: ='2. 의사결정 및 경영성과'!AM71 -> 15 | O183: ='2. 의사결정 및 경영성과'!AP71 -> 0 | P183: ='2. 의사결정 및 경영성과'!AS71 -> 0 | Q183: ='2. 의사결정 및 경영성과'!AV71 -> 0 | R183: ='2. 의사결정 및 경영성과'!AY71 -> 0 | S183: ='2. 의사결정 및 경영성과'!BB71 -> 0 | T183: ='2. 의사결정 및 경영성과'!BE71 -> 0 | U183: ='2. 의사결정 및 경영성과'!BH71 -> 0 | V183: ='2. 의사결정 및 경영성과'!BK71 -> 0
B184: 판매량 | C184: =C$48 -> 23963 | D184: =D$48 -> 32381 | E184: =E$48 -> 34739 | F184: =F$48 -> 39025 | G184: =G$48 -> 34074 | H184: =H$48 -> 39074 | I184: =I$48 -> 39354 | J184: =J$48 -> 40033 | ... V184: =V$48 -> 0
A185: C국가 | B185: 매장수 | C185: ='2. 의사결정 및 경영성과'!G71 -> 1 | D185: ='2. 의사결정 및 경영성과'!J71 -> 2 | E185: ='2. 의사결정 및 경영성과'!M71 -> 3 | F185: ='2. 의사결정 및 경영성과'!P71 -> 4 | G185: ='2. 의사결정 및 경영성과'!S71 -> 5 | H185: ='2. 의사결정 및 경영성과'!V71 -> 7 | I185: ='2. 의사결정 및 경영성과'!Y71 -> 8 | J185: ='2. 의사결정 및 경영성과'!AB71 -> 9 | K185: ='2. 의사결정 및 경영성과'!AE71 -> 10 | L185: ='2. 의사결정 및 경영성과'!AH71 -> 11 | M185: ='2. 의사결정 및 경영성과'!AK71 -> 12 | N185: ='2. 의사결정 및 경영성과'!AN71 -> 15 | O185: ='2. 의사결정 및 경영성과'!AQ71 -> 0 | P185: ='2. 의사결정 및 경영성과'!AT71 -> 0 | Q185: ='2. 의사결정 및 경영성과'!AW71 -> 0 | R185: ='2. 의사결정 및 경영성과'!AZ71 -> 0 | S185: ='2. 의사결정 및 경영성과'!BC71 -> 0 | T185: ='2. 의사결정 및 경영성과'!BF71 -> 0 | U185: ='2. 의사결정 및 경영성과'!BI71 -> 0 | V185: ='2. 의사결정 및 경영성과'!BL71 -> 0
B186: 판매량 | C186: =C$49 -> 5497 | D186: =D$49 -> 13894 | E186: =E$49 -> 10568 | F186: =F$49 -> 13227 | G186: =G$49 -> 4700 | H186: =H$49 -> 15478 | I186: =I$49 -> 15275 | J186: =J$49 -> 21414 | ... V186: =V$49 -> 0
A203: 9. 매장당 판매촉진비와 판매량간의 관계
A204: 영업본부 | B204: 연도 | C204: 1차년도 | G204: 2차년도 | K204: 3차년도 | O204: 4차년도 | S204: 5차년도
B205: 분기 | C205: 1Q | D205: 2Q | E205: 3Q | F205: 4Q | G205: 1Q | H205: 2Q | I205: 3Q | J205: 4Q | K205: 1Q | L205: 2Q | M205: 3Q | N205: 4Q | O205: 1Q | P205: 2Q | Q205: 3Q | R205: 4Q | S205: 1Q | T205: 2Q | U205: 3Q | V205: 4Q
A206: 한국 | B206: 매장당 판매촉진비 | C206: ='2. 의사결정 및 경영성과'!E23 -> 25000000 | D206: ='2. 의사결정 및 경영성과'!H23 -> 26000000 | E206: ='2. 의사결정 및 경영성과'!K23 -> 27500000 | F206: ='2. 의사결정 및 경영성과'!N23 -> 28000000 | G206: ='2. 의사결정 및 경영성과'!Q23 -> 31000000 | H206: ='2. 의사결정 및 경영성과'!T23 -> 32000000 | I206: ='2. 의사결정 및 경영성과'!W23 -> 33000000 | J206: ='2. 의사결정 및 경영성과'!Z23 -> 36500000 | K206: ='2. 의사결정 및 경영성과'!AC23 -> 37000000 | L206: ='2. 의사결정 및 경영성과'!AF23 -> 38000000 | M206: ='2. 의사결정 및 경영성과'!AI23 -> 39000000 | N206: ='2. 의사결정 및 경영성과'!AL23 -> 40000000 | O206: ='2. 의사결정 및 경영성과'!AO23 -> 0 | P206: ='2. 의사결정 및 경영성과'!AR23 -> 0 | Q206: ='2. 의사결정 및 경영성과'!AU23 -> 0 | R206: ='2. 의사결정 및 경영성과'!AX23 -> 0 | S206: ='2. 의사결정 및 경영성과'!BA23 -> 0 | T206: ='2. 의사결정 및 경영성과'!BD23 -> 0 | U206: ='2. 의사결정 및 경영성과'!BG23 -> 0 | V206: ='2. 의사결정 및 경영성과'!BJ23 -> 0
B207: 판매량 | C207: =C$47 -> 38739 | D207: =D$47 -> 49455 | E207: =E$47 -> 46095 | F207: =F$47 -> 53923 | G207: =G$47 -> 38959 | H207: =H$47 -> 59451 | I207: =I$47 -> 53746 | J207: =J$47 -> 73267 | ... V207: =V$47 -> 0
A208: U국가 | B208: 매장당 판매촉진비 | C208: ='2. 의사결정 및 경영성과'!F23 -> 25000 | D208: ='2. 의사결정 및 경영성과'!I23 -> 26500 | E208: ='2. 의사결정 및 경영성과'!L23 -> 26000 | F208: ='2. 의사결정 및 경영성과'!O23 -> 29000 | G208: ='2. 의사결정 및 경영성과'!R23 -> 30500 | H208: ='2. 의사결정 및 경영성과'!U23 -> 31000 | I208: ='2. 의사결정 및 경영성과'!X23 -> 34000 | J208: ='2. 의사결정 및 경영성과'!AA23 -> 35000 | K208: ='2. 의사결정 및 경영성과'!AD23 -> 37000 | L208: ='2. 의사결정 및 경영성과'!AG23 -> 38000 | M208: ='2. 의사결정 및 경영성과'!AJ23 -> 39000 | N208: ='2. 의사결정 및 경영성과'!AM23 -> 40000 | O208: ='2. 의사결정 및 경영성과'!AP23 -> 0 | P208: ='2. 의사결정 및 경영성과'!AS23 -> 0 | Q208: ='2. 의사결정 및 경영성과'!AV23 -> 0 | R208: ='2. 의사결정 및 경영성과'!AY23 -> 0 | S208: ='2. 의사결정 및 경영성과'!BB23 -> 0 | T208: ='2. 의사결정 및 경영성과'!BE23 -> 0 | U208: ='2. 의사결정 및 경영성과'!BH23 -> 0 | V208: ='2. 의사결정 및 경영성과'!BK23 -> 0
B209: 판매량 | C209: =C$48 -> 23963 | D209: =D$48 -> 32381 | E209: =E$48 -> 34739 | F209: =F$48 -> 39025 | G209: =G$48 -> 34074 | H209: =H$48 -> 39074 | I209: =I$48 -> 39354 | J209: =J$48 -> 40033 | ... V209: =V$48 -> 0
A210: C국가 | B210: 매장당 판매촉진비 | C210: ='2. 의사결정 및 경영성과'!G23 -> 80000 | D210: ='2. 의사결정 및 경영성과'!J23 -> 95000 | E210: ='2. 의사결정 및 경영성과'!M23 -> 100000 | F210: ='2. 의사결정 및 경영성과'!P23 -> 105000 | G210: ='2. 의사결정 및 경영성과'!S23 -> 115000 | H210: ='2. 의사결정 및 경영성과'!V23 -> 120000 | I210: ='2. 의사결정 및 경영성과'!Y23 -> 125000 | J210: ='2. 의사결정 및 경영성과'!AB23 -> 130000 | K210: ='2. 의사결정 및 경영성과'!AE23 -> 135000 | L210: ='2. 의사결정 및 경영성과'!AH23 -> 140000 | M210: ='2. 의사결정 및 경영성과'!AK23 -> 145000 | N210: ='2. 의사결정 및 경영성과'!AN23 -> 150000 | O210: ='2. 의사결정 및 경영성과'!AQ23 -> 0 | P210: ='2. 의사결정 및 경영성과'!AT23 -> 0 | Q210: ='2. 의사결정 및 경영성과'!AW23 -> 0 | R210: ='2. 의사결정 및 경영성과'!AZ23 -> 0 | S210: ='2. 의사결정 및 경영성과'!BC23 -> 0 | T210: ='2. 의사결정 및 경영성과'!BF23 -> 0 | U210: ='2. 의사결정 및 경영성과'!BI23 -> 0 | V210: ='2. 의사결정 및 경영성과'!BL23 -> 0
B211: 판매량 | C211: =C$49 -> 5497 | D211: =D$49 -> 13894 | E211: =E$49 -> 10568 | F211: =F$49 -> 13227 | G211: =G$49 -> 4700 | H211: =H$49 -> 15478 | I211: =I$49 -> 15275 | J211: =J$49 -> 21414 | ... V211: =V$49 -> 0
A228: 10. 영업직원수와 판매량간의 관계
A229: 영업본부 | B229: 연도 | C229: 1차년도 | G229: 2차년도 | K229: 3차년도 | O229: 4차년도 | S229: 5차년도
B230: 분기 | C230: 1Q | D230: 2Q | E230: 3Q | F230: 4Q | G230: 1Q | H230: 2Q | I230: 3Q | J230: 4Q | K230: 1Q | L230: 2Q | M230: 3Q | N230: 4Q | O230: 1Q | P230: 2Q | Q230: 3Q | R230: 4Q | S230: 1Q | T230: 2Q | U230: 3Q | V230: 4Q
A231: 한국 | B231: 영업직원 수 | C231: ='2. 의사결정 및 경영성과'!E80 -> 104 | D231: ='2. 의사결정 및 경영성과'!H80 -> 122 | E231: ='2. 의사결정 및 경영성과'!K80 -> 128 | F231: ='2. 의사결정 및 경영성과'!N80 -> 145 | G231: ='2. 의사결정 및 경영성과'!Q80 -> 168 | H231: ='2. 의사결정 및 경영성과'!T80 -> 181 | I231: ='2. 의사결정 및 경영성과'!W80 -> 193 | J231: ='2. 의사결정 및 경영성과'!Z80 -> 209 | K231: ='2. 의사결정 및 경영성과'!AC80 -> 224 | L231: ='2. 의사결정 및 경영성과'!AF80 -> 233 | M231: ='2. 의사결정 및 경영성과'!AI80 -> 243 | N231: ='2. 의사결정 및 경영성과'!AL80 -> 250 | O231: ='2. 의사결정 및 경영성과'!AO80 -> 0 | P231: ='2. 의사결정 및 경영성과'!AR80 -> 0 | Q231: ='2. 의사결정 및 경영성과'!AU80 -> 0 | R231: ='2. 의사결정 및 경영성과'!AX80 -> 0 | S231: ='2. 의사결정 및 경영성과'!BA80 -> 0 | T231: ='2. 의사결정 및 경영성과'!BD80 -> 0 | U231: ='2. 의사결정 및 경영성과'!BG80 -> 0 | V231: ='2. 의사결정 및 경영성과'!BJ80 -> 0
B232: 판매량 | C232: =C$47 -> 38739 | D232: =D$47 -> 49455 | E232: =E$47 -> 46095 | F232: =F$47 -> 53923 | G232: =G$47 -> 38959 | H232: =H$47 -> 59451 | I232: =I$47 -> 53746 | J232: =J$47 -> 73267 | ... V232: =V$47 -> 0
A233: U국가 | B233: 영업직원 수 | C233: ='2. 의사결정 및 경영성과'!F80 -> 56 | D233: ='2. 의사결정 및 경영성과'!I80 -> 60 | E233: ='2. 의사결정 및 경영성과'!L80 -> 65 | F233: ='2. 의사결정 및 경영성과'!O80 -> 73 | G233: ='2. 의사결정 및 경영성과'!R80 -> 85 | H233: ='2. 의사결정 및 경영성과'!U80 -> 94 | I233: ='2. 의사결정 및 경영성과'!X80 -> 107 | J233: ='2. 의사결정 및 경영성과'!AA80 -> 118 | K233: ='2. 의사결정 및 경영성과'!AD80 -> 118 | L233: ='2. 의사결정 및 경영성과'!AG80 -> 122 | M233: ='2. 의사결정 및 경영성과'!AJ80 -> 126 | N233: ='2. 의사결정 및 경영성과'!AM80 -> 130 | O233: ='2. 의사결정 및 경영성과'!AP80 -> 0 | P233: ='2. 의사결정 및 경영성과'!AS80 -> 0 | Q233: ='2. 의사결정 및 경영성과'!AV80 -> 0 | R233: ='2. 의사결정 및 경영성과'!AY80 -> 0 | S233: ='2. 의사결정 및 경영성과'!BB80 -> 0 | T233: ='2. 의사결정 및 경영성과'!BE80 -> 0 | U233: ='2. 의사결정 및 경영성과'!BH80 -> 0 | V233: ='2. 의사결정 및 경영성과'!BK80 -> 0
B234: 판매량 | C234: =C$48 -> 23963 | D234: =D$48 -> 32381 | E234: =E$48 -> 34739 | F234: =F$48 -> 39025 | G234: =G$48 -> 34074 | H234: =H$48 -> 39074 | I234: =I$48 -> 39354 | J234: =J$48 -> 40033 | ... V234: =V$48 -> 0
A235: C국가 | B235: 영업직원 수 | C235: ='2. 의사결정 및 경영성과'!G80 -> 55 | D235: ='2. 의사결정 및 경영성과'!J80 -> 58 | E235: ='2. 의사결정 및 경영성과'!M80 -> 63 | F235: ='2. 의사결정 및 경영성과'!P80 -> 74 | G235: ='2. 의사결정 및 경영성과'!S80 -> 84 | H235: ='2. 의사결정 및 경영성과'!V80 -> 96 | I235: ='2. 의사결정 및 경영성과'!Y80 -> 112 | J235: ='2. 의사결정 및 경영성과'!AB80 -> 123 | K235: ='2. 의사결정 및 경영성과'!AE80 -> 126 | L235: ='2. 의사결정 및 경영성과'!AH80 -> 131 | M235: ='2. 의사결정 및 경영성과'!AK80 -> 128 | N235: ='2. 의사결정 및 경영성과'!AN80 -> 130 | O235: ='2. 의사결정 및 경영성과'!AQ80 -> 0 | P235: ='2. 의사결정 및 경영성과'!AT80 -> 0 | Q235: ='2. 의사결정 및 경영성과'!AW80 -> 0 | R235: ='2. 의사결정 및 경영성과'!AZ80 -> 0 | S235: ='2. 의사결정 및 경영성과'!BC80 -> 0 | T235: ='2. 의사결정 및 경영성과'!BF80 -> 0 | U235: ='2. 의사결정 및 경영성과'!BI80 -> 0 | V235: ='2. 의사결정 및 경영성과'!BL80 -> 0
B236: 판매량 | C236: =C$49 -> 5497 | D236: =D$49 -> 13894 | E236: =E$49 -> 10568 | F236: =F$49 -> 13227 | G236: =G$49 -> 4700 | H236: =H$49 -> 15478 | I236: =I$49 -> 15275 | J236: =J$49 -> 21414 | ... V236: =V$49 -> 0
A253: 11. 영업직원 기본급과 판매량간의 관계
A254: 영업본부 | B254: 연도 | C254: 1차년도 | G254: 2차년도 | K254: 3차년도 | O254: 4차년도 | S254: 5차년도
B255: 분기 | C255: 1Q | D255: 2Q | E255: 3Q | F255: 4Q | G255: 1Q | H255: 2Q | I255: 3Q | J255: 4Q | K255: 1Q | L255: 2Q | M255: 3Q | N255: 4Q | O255: 1Q | P255: 2Q | Q255: 3Q | R255: 4Q | S255: 1Q | T255: 2Q | U255: 3Q | V255: 4Q
A256: 한국 | B256: 기본급(원) | C256: ='2. 의사결정 및 경영성과'!E44 -> 5400000 | D256: ='2. 의사결정 및 경영성과'!H44 -> 5580000 | E256: ='2. 의사결정 및 경영성과'!K44 -> 5670000 | F256: ='2. 의사결정 및 경영성과'!N44 -> 5760000 | G256: ='2. 의사결정 및 경영성과'!Q44 -> 5940000 | H256: ='2. 의사결정 및 경영성과'!T44 -> 6210000 | I256: ='2. 의사결정 및 경영성과'!W44 -> 6390000 | J256: ='2. 의사결정 및 경영성과'!Z44 -> 6516000 | K256: ='2. 의사결정 및 경영성과'!AC44 -> 6714000 | L256: ='2. 의사결정 및 경영성과'!AF44 -> 6840000 | M256: ='2. 의사결정 및 경영성과'!AI44 -> 7164000 | N256: ='2. 의사결정 및 경영성과'!AL44 -> 8000000 | O256: ='2. 의사결정 및 경영성과'!AO44 -> 0 | P256: ='2. 의사결정 및 경영성과'!AR44 -> 0 | Q256: ='2. 의사결정 및 경영성과'!AU44 -> 0 | R256: ='2. 의사결정 및 경영성과'!AX44 -> 0 | S256: ='2. 의사결정 및 경영성과'!BA44 -> 0 | T256: ='2. 의사결정 및 경영성과'!BD44 -> 0 | U256: ='2. 의사결정 및 경영성과'!BG44 -> 0 | V256: ='2. 의사결정 및 경영성과'!BJ44 -> 0
B257: 판매량 | C257: =C157 -> 38739 | D257: =D157 -> 49455 | E257: =E157 -> 46095 | F257: =F157 -> 53923 | G257: =G157 -> 38959 | H257: =H157 -> 59451 | I257: =I157 -> 53746 | J257: =J157 -> 73267 | ... V257: =V157 -> 0
A258: U국가 | B258: 기본급(달러) | C258: ='2. 의사결정 및 경영성과'!F44 -> 7884 | D258: ='2. 의사결정 및 경영성과'!I44 -> 8010 | E258: ='2. 의사결정 및 경영성과'!L44 -> 8100 | F258: ='2. 의사결정 및 경영성과'!O44 -> 8406 | G258: ='2. 의사결정 및 경영성과'!R44 -> 8460 | H258: ='2. 의사결정 및 경영성과'!U44 -> 8550 | I258: ='2. 의사결정 및 경영성과'!X44 -> 8676 | J258: ='2. 의사결정 및 경영성과'!AA44 -> 8730 | K258: ='2. 의사결정 및 경영성과'!AD44 -> 8937 | L258: ='2. 의사결정 및 경영성과'!AG44 -> 8964 | M258: ='2. 의사결정 및 경영성과'!AJ44 -> 8982 | N258: ='2. 의사결정 및 경영성과'!AM44 -> 10000 | O258: ='2. 의사결정 및 경영성과'!AP44 -> 0 | P258: ='2. 의사결정 및 경영성과'!AS44 -> 0 | Q258: ='2. 의사결정 및 경영성과'!AV44 -> 0 | R258: ='2. 의사결정 및 경영성과'!AY44 -> 0 | S258: ='2. 의사결정 및 경영성과'!BB44 -> 0 | T258: ='2. 의사결정 및 경영성과'!BE44 -> 0 | U258: ='2. 의사결정 및 경영성과'!BH44 -> 0 | V258: ='2. 의사결정 및 경영성과'!BK44 -> 0
B259: 원화변환 | C259: =C258*C45 -> 8278200 | D259: =D258*D45 -> 8490600 | E259: =E258*E45 -> 8683200 | F259: =F258*F45 -> 9078480 | G259: =G258*G45 -> 9153720 | H259: =H258*H45 -> 9259650 | I259: =I258*I45 -> 9456840 | J259: =J258*J45 -> 9585540 | ... V259: =V258*V45 -> 0
B260: 판매량 | C260: =C159 -> 23963 | D260: =D159 -> 32381 | E260: =E159 -> 34739 | F260: =F159 -> 39025 | G260: =G159 -> 34074 | H260: =H159 -> 39074 | I260: =I159 -> 39354 | J260: =J159 -> 40033 | ... V260: =V159 -> 0
A261: C국가 | B261: 기본급(위안) | C261: ='2. 의사결정 및 경영성과'!G44 -> 16200 | D261: ='2. 의사결정 및 경영성과'!J44 -> 16560 | E261: ='2. 의사결정 및 경영성과'!M44 -> 17640 | F261: ='2. 의사결정 및 경영성과'!P44 -> 18900 | G261: ='2. 의사결정 및 경영성과'!S44 -> 19800 | H261: ='2. 의사결정 및 경영성과'!V44 -> 20700 | I261: ='2. 의사결정 및 경영성과'!Y44 -> 22140 | J261: ='2. 의사결정 및 경영성과'!AB44 -> 23040 | K261: ='2. 의사결정 및 경영성과'!AE44 -> 23760 | L261: ='2. 의사결정 및 경영성과'!AH44 -> 25200 | M261: ='2. 의사결정 및 경영성과'!AK44 -> 26100 | N261: ='2. 의사결정 및 경영성과'!AN44 -> 30000 | O261: ='2. 의사결정 및 경영성과'!AQ44 -> 0 | P261: ='2. 의사결정 및 경영성과'!AT44 -> 0 | Q261: ='2. 의사결정 및 경영성과'!AW44 -> 0 | R261: ='2. 의사결정 및 경영성과'!AZ44 -> 0 | S261: ='2. 의사결정 및 경영성과'!BC44 -> 0 | T261: ='2. 의사결정 및 경영성과'!BF44 -> 0 | U261: ='2. 의사결정 및 경영성과'!BI44 -> 0 | V261: ='2. 의사결정 및 경영성과'!BL44 -> 0
B262: 원화변환 | C262: =C261*C46 -> 3223800 | D262: =D261*D46 -> 3262320 | E262: =E261*E46 -> 3439800 | F262: =F261*F46 -> 3647700 | G262: =G261*G46 -> 3742200 | H262: =H261*H46 -> 3891600 | I262: =I261*I46 -> 4140180 | J262: =J261*J46 -> 4262400 | ... V262: =V261*V46 -> 0
B263: 판매량 | C263: =C161 -> 5497 | D263: =D161 -> 13894 | E263: =E161 -> 10568 | F263: =F161 -> 13227 | G263: =G161 -> 4700 | H263: =H161 -> 15478 | I263: =I161 -> 15275 | J263: =J161 -> 21414 | ... V263: =V161 -> 0
A264: 평균 | B264: 평균 기본급(원) | C264: =AVERAGE(C256,C259,C262) -> 5634000 | D264: =AVERAGE(D256,D259,D262) -> 5777640 | E264: =AVERAGE(E256,E259,E262) -> 5931000 | F264: =AVERAGE(F256,F259,F262) -> 6162060 | G264: =AVERAGE(G256,G259,G262) -> 6278640 | H264: =AVERAGE(H256,H259,H262) -> 6453750 | I264: =AVERAGE(I256,I259,I262) -> 6662340 | J264: =AVERAGE(J256,J259,J262) -> 6787980 | ... V264: =AVERAGE(V256,V259,V262) -> 0
B265: 평균 판매량 | C265: =AVERAGE(C257,C260,C263) -> 22733 | D265: =AVERAGE(D257,D260,D263) -> 31910 | E265: =AVERAGE(E257,E260,E263) -> 30467.333 | F265: =AVERAGE(F257,F260,F263) -> 35391.667 | G265: =AVERAGE(G257,G260,G263) -> 25911 | H265: =AVERAGE(H257,H260,H263) -> 38001 | I265: =AVERAGE(I257,I260,I263) -> 36125 | J265: =AVERAGE(J257,J260,J263) -> 44904.667 | ... V265: =AVERAGE(V257,V260,V263) -> 0
...

Sheet 1. Parameter Table
A2: 1. Parameter Table | D2: ▶ 핵심 변수들에 대한 Parameter Table입니다.
A5: ▶ 생산 Parameter | L5: ▶ 마케팅, HR, 재무 Parameter
B7: 1. 라인당 생산량 Table | L7: 14. 영업 본부 임직원 급여 Table
D8: 한국 | F8: U국가 | H8: C국가 | N8: 한국 (원) | O8: U국가 (달러) | P8: C국가 (위안)
C9: 작업시간 | D9: 정규 | E9: 2교대 | F9: 정규 | G9: 2교대 | H9: 정규 | I9: 2교대 | M9: 분기별 지급액 | N9: 800000000 | O9: 900000 | P9: 3000000
C10: 40 | D10: 20000 | E10: 19000 | F10: 21000 | G10: 19950 | H10: 19000 | I10: 18050
C11: 44 | D11: 20800 | E11: 19760 | F11: 21840 | G11: 20748 | H11: 19760 | I11: 18772 | L11: 15. 한국 본사 임직원 급여 Table
C12: 48 | D12: 21600 | E12: 20520 | F12: 22680 | G12: 21546 | H12: 20520 | I12: 19494 | M12: 분기별 지급액 | N12: 3000000000
B14: 2. 라인당 노무비 Table | D14: (정규라인 입력 값에 자동 연동) | L14: 16. 물류비 Table
D15: 한국 (원) | F15: U국가 (달러) | H15: C국가 (위안) | N15: 한국-한국 | O15: 한국-U국가 | P15: 한국-C국가 | Q15: U국가-U국가 | R15: C국가-C국가
C16: 작업시간 | D16: 정규 | E16: 2교대 | F16: 정규 | G16: 2교대 | H16: 정규 | I16: 2교대 | M16: 단위당 물류비 (원) | N16: 10000 | O16: 50000 | P16: 40000 | Q16: 15000 | R16: 10000
C17: 40 | D17: 2000000000 | E17: =D17*1.1 -> 2200000000 | F17: 2200000 | G17: 2420000 | H17: 8000000 | I17: 8800000
C18: 44 | D18: =D17*1.05 -> 2100000000 | E18: =E17*1.05 -> 2310000000 | F18: =F17*1.05 -> 2310000 | G18: =G17*1.05 -> 2541000 | H18: =H17*1.05 -> 8400000 | I18: =I17*1.05 -> 9240000 | L18: 17. 재고관리비 Table
C19: 48 | D19: =D17*1.1 -> 2200000000 | E19: =E17*1.1 -> 2420000000 | F19: =F17*1.1 -> 2420000 | G19: =G17*1.1 -> 2662000 | H19: =H17*1.1 -> 8800000 | I19: =I17*1.1 -> 9680000 | N19: 한국 (원) | O19: U국가 (달러) | P19: C국가 (위안)
M20: 단위당 재고관리비용 | N20: 40000 | O20: 40 | P20: 200
B21: 3. 모델별 재료비 Table
C22: 모델 번호 | D22: 4 | E22: 5 | F22: 6 | G22: 7 | H22: 8 | I22: 9 | L22: 18. 영업본부 관리비 Table
C23: 한국 공장 | D23: 200000 | E23: 225000 | F23: 255000 | G23: 290000 | H23: 315000 | I23: 345000 | N23: 한국 (원) | O23: U국가 (달러) | P23: C국가 (위안)
C24: U국가 공장 | D24: 180 | E24: 200 | F24: 220 | G24: 250 | H24: 280 | I24: 300 | M24: 분기당 | N24: 500000000 | O24: 500000 | P24: 2000000
C25: C국가 공장 | D25: 1000 | E25: 1150 | F25: 1200 | G25: 1380 | H25: 1650 | I25: 1800
L26: 19. 유통 매장관리비 Table
B27: 4. 라인당 Utility 비용 | N27: 한국 (원) | O27: U국가 (달러) | P27: C국가 (위안)
D28: 한국 (원) | F28: U국가 (달러) | H28: C국가 (위안) | M28: 분기 당 | N28: 50000000 | O28: 70000 | P28: 250000
C29: 생산라인 | D29: 정규 | E29: 2교대 | F29: 정규 | G29: 2교대 | H29: 정규 | I29: 2교대
C30: 비용 | D30: 300000000 | E30: 300000000 | F30: 300000 | G30: 300000 | H30: 1300000 | I30: 1300000 | L30: 20. 신규영업사원 채용 및 교육훈련비 Table
N31: 한국 (원) | O31: U국가 (달러) | P31: C국가 (위안)
B32: 5. 공장 인건비 및 기타경비 | M32: 분기당 | N32: 6000000 | O32: 7000 | P32: 30000
D33: 한국 (원) | F33: U국가 (달러) | H33: C국가 (위안)
C34: 생산라인 | D34: 정규 | E34: 2교대 | F34: 정규 | G34: 2교대 | H34: 정규 | I34: 2교대 | L34: 21. 본사 임차료 Table
C35: 공장 인건비 및 기타 경비 | D35: 4000000000 | E35: 0 | F35: 2000000 | G35: 0 | H35: 5000000 | I35: 0 | M35: 한국 본사 (원) | N35: 1000000000
B37: 6. 생산라인 인력 채용 및 훈련 비용 Table (정규 및 2교대 동일) | L37: 22. 제세공과금 비율 Table
D38: 한국 (원) | E38: U국가 (달러) | F38: C국가 (위안) | M38: 제세공과금 비율 | N38: 0.1
C39: 정규 및 2교대 | D39: 500000000 | E39: 500000 | F39: 1500000
L40: 23. 전략적 의사결정 투자 회수 비율 Table
B41: 7. 생산라인 신설비용 Table | M41: 전략적 의사결정 | N41: 신공정 특허 인수 | O41: 유통채널 M&A
D42: 한국 (원) | E42: U국가 (달러) | F42: C국가 (위안) | M42: 기타비용 처리 비율 | N42: 0.3 | O42: 0.3
C43: 정규 생산라인 | D43: 2000000000 | E43: 2000000 | F43: 10000000
L44: 24. 법인세율 Table
B45: 8. 공장 신설비용 Table | N45: 2억 이하 | O45: 2억 초과~200억 이하 | P45: 200억 초과
D46: 한국 (원) | E46: U국가 (달러) | F46: C국가 (위안) | M46: 과세표준 구간 | N46: 200000000 | O46: 20000000000 | P46: 20000000000
C47: 공장 신설비용 | D47: 10000000000 | E47: 10000000 | F47: 30000000 | M47: 세율 | N47: 0.1 | O47: 0.2 | P47: 0.22
M48: 세액 조정 | N48: 0 | O48: 20000000 | P48: 420000000
B49: 9. 공장 감가상각비율 Table
C50: 감가상각기간(분기) | D50: 25 | L50: 25. 매출 채권 Table
D51: 초기 구입가 (원) | E51: 감가 상각비율 | F51: 분기별 감가상각비 | M51: 전기 매출 회수율 | N51: 0.4
C52: 한국 공장 | D52: 10000000000 | E52: 0.04 | F52: 400000000 | M52: 당기 매출 회수율 | N52: 0.6
C53: U국가 공장 | D53: 11000000000 | E53: 0.04 | F53: 440000000
C54: C국가 공장 | D54: 5250000000 | E54: 0.04 | F54: 210000000 | L54: 26. 은행 대출 Table
M55: 전기 유동 자산 기준 | N55: 0.6
B56: 10. 생산라인 감가상각비용 Table
C57: 감가상각기간(분기) | D57: 20 | L57: 27. 회사채 발행 Table
D58: 초기 구입가 (원) | E58: 감가 상각비율 | F58: 분기별 감가상각비 | M58: 전기 총 자산 기준 | N58: 0.5
C59: 한국 공장 | D59: 2000000000 | E59: 0.05 | F59: 100000000
C60: U국가 공장 | D60: 2200000000 | E60: 0.05 | F60: 110000000 | L60: 28. 주식 Table
C61: C국가 공장 | D61: 1750000000 | E61: 0.05 | F61: 87500000 | M61: 주식 수 | N61: 5000000
M62: 주식 액면가 | N62: 5000
B63: 11. 생산라인의 조업중지 시 노무비율
C64: 당기 노무비의 지급 비율 | D64: 0.6 | L64: 29. 청산매출액 Table
M65: 단위당 청산매출액 (원) | N65: 280000
B66: 12. 생산라인의 패쇄비율 Table
C67: 장부가의 폐쇄 비율 | D67: 0.3
B69: 13. 공장의 패쇄비율 Table
C70: 장부가의 폐쇄 비율

Sheet 4. 재무분석도구
B2: 손익추정 방법 | D2: (Input) 2 단계. 예측값 및 경제지표 입력 | I2: (Input) 1 단계. 경영의사결정 입력 | O2: (Output) 3단계. 추정 손익계산서 | Z2: 현금 흐름 추정 방법 | AB2: (2). 추정 현금흐름표 | AJ2: (3). 추정 재무상태표 | AP2: (4). 추정 재무비율 | AX2: 참고. 추정 ROE 분석 | BS2: (5) - HR 원가 분석 | CC2: 손익분기 분석
B4: 1단계. CMO, CPO, CTO, CHO, CFO의 의사결정 값을 입력 | K4: 의사결정 입력값 | L4: 추정값 | M4: 자동 계산 | O4: (Output) 손익계산서 추정치 - 자동 계산 | Z4: 1단계. 손익 추정이 먼저 수행되어야 함 | AE4: (Output) 현금흐름표 추정치 | BS4: 1. 인적자원에 활동에서 발행하는 원가 구성요소들을 이해하고, 이를 관리하기 위한 미션입니다. 2. 인적자원 활동과 관련된 주요 의사결정에 따른 HR원가 총합과, 판매량에 따른 단위당 HR원가를 계산해 보십시오. | CC4: 1. 생산 라인의 증설 및 공장 신설에 대한 경제성을 분석하기 위한 미션입니다. 2. 생산 의사결정에 따라서 발생하는 비용을 고정비와 변동비로 나누어 계산한 후 손익분기점(BEP)를 계산해 보십시오. 3. 분석 결과를 타 팀의 예측치와 비교해 보시기 바랍니다.
B5: - 각 의사결정이 입력될 때 실시간으로 입력 | D5: 역할 | E5: 의사결정 및 추정변수 | F5: 한국 | G5: U국가 | H5: C국가 | I5: 역할 | J5: 의사결정 및 추정변수 | K5: 한국 | L5: U국가 | M5: C국가 | O5: 항목 | P5: 예상치 | Q5: 비율 | Z5: - 손익을 추정하면 현금흐름표가 자동으로 완성됨 | AB5: 항목 | AC5: 금액 | AE5: 항목 | AF5: A. 예상치 | AJ5: 항 목 | AK5: 금 액 | AL5: 합 계 | AP5: ▶ 경영 성과와 재무 상태에 따른 재무 비율 분석 | AX5: ▶ ROE를 통한 심층 분석 | BC5: ROE 분석 구조도 | CC5: (Input) 경영 의사결정 입력 및 추정 | CK5: (Output) 생산능력 조정에 따른 경제성 분석
B6: - 혹은 의사결정 값을 복사해서 붙여넣기 | D6: CMO | E6: 1. 판매량 (예측) | F6: 66680 | G6: 32680 | H6: 30500 | I6: CEO 의사결정 화면의 입력 값 | J6: 1. CSR 활동비 | K6: 500000000 | O6: I. 매출액 | P6: =L67 -> 88631620000 | Q6: =P6/$P$6 -> 1 | AB6: I. 영업활동으로 인한 현금흐름 | AC6: =AC7-AC11+AC15-AC16-AC17 -> 2.8823525e+09 | AE6: I. 영업활동 현금 흐름 | AF6: =AC6 -> 2.8823525e+09 | AJ6: Ⅰ. 유동자산 | AL6: =SUM(AK7,AK12) -> 6.433819e+10 | AP6: 구분 | AQ6: 주요 재무비율 | AR6: 구성 요소 | AS6: 금액 | AT6: 비율 | AY6: 구분 | AZ6: 항목 | BA6: A. 예상치 | BS6: 의사결정 | BT6: 한국 | BU6: U국가 | BV6: C국가 | BW6: 합계 | CC6: 역할 | CD6: 주요 의사결정 | CF6: 한국 | CG6: U국가 | CH6: C국가 | CK6: ▶ 경제성 분석 세부내역 (자동계산)
E7: 2. 기말 재고량 (예측) | F7: 18149 | G7: 3528 | H7: 0 | J7: 2. 임직원 인센티브 | K7: 1500000000 | O7: 1. 국내 매출액 | P7: =L68 -> 45342400000 | Q7: =P7/$P$6 -> 0.51158266 | Z7: 2단계. 전기 매출액을 수정 | AB7: 1. 매출 등 수익활동으로부터 유입액 | AC7: =AC9+AC10 -> 88714793496 | AE7: II. 투자활동 현금 흐름 | AF7: =AC18 -> -2030900000 | AJ7: 1. 당좌자산 | AK7: =SUM(AK8:AK11) -> 5.6501456e+10 | AP7: 수익성 | AQ7: 1. 자기자본 이익률 (=순이익/자기자본) | AR7: 순이익 | AS7: =AK34 -> 4.0374031e+09 | AT7: =AS7/AS8 -> 0.054386713 | AX7: (Input) | AY7: 손익계산서 활용 | AZ7: 매출액 | BA7: =P6 -> 88631620000 | BC7: 매출원가 | BF7: 매출액 | BS7: 1. 임직원 급여 | BT7: ='4. 재무분석도구'!P87 -> 2813406000 | BU7: ='4. 재무분석도구'!Q87 -> 732966300 | BV7: ='4. 재무분석도구'!R87 -> 388694250 | BW7: =SUM(BT7:BV7) -> 3935066550 | CC7: CMO | CD7: 1. 판매가격 | CF7: 680000 | CG7: 640 | CH7: 3800 | CK7: 공장 | CL7: 한국 | CN7: U국가 | CP7: C국가
B8: 2단계. CMO, CPO, CTO, CHO의 예측 값 및 경제 지표 입력 | E8: 3. 청산 매출량 (예측) | G8: 0 | H8: 0 | I8: CMO 의사결정 화면의 입력 값 | J8: 1. 판매제품 모델 | K8: 4 | O8: 2. 수출액 | P8: =L71 -> 43289220000 | Q8: =P8/$P$6 -> 0.48841734 | Z8: - 전기 보고서에서 전기 매출액을 셀 X8에 입력 | AB8: (전기 매출액을 입력) | AC8: 88839553740 | AE8: III. 재무활동 현금 흐름 | AF8: =AC29 -> -1.2112209e+08 | AJ8: 가. 현금 및 현금 등가물 | AK8: =AC42 -> 1.4948808e+10 | AR8: 자기자본 | AS8: =AL37 -> 7.42351e+10 | AZ8: 매출총이익 | BA8: =P14 -> 41707834071 | BC8: =P10 -> 46923785929 | BF8: =BA7 -> 88631620000 | BI8: 이익 | BS8: 2. 영업직원 급여 | BT8: ='4. 재무분석도구'!K108 -> 2200000000 | BU8: ='4. 재무분석도구'!K112 -> 1573000000 | BV8: ='4. 재무분석도구'!K116 -> 750750000 | BW8: =SUM(BT8:BV8) -> 4523750000 | CD8: 2. 가격의 마케팅원가 비율(%) | CK8: 라인신설 유형 | CL8: 정규 | CM8: 2교대 | CN8: 정규 | CO8: 2교대 | CP8: 정규 | CQ8: 2교대
B9: - 각 function의 예측 값을 요청 후 입력 | E9: 4. 기초 유통매장 수 | F9: 25 | G9: 13 | H9: 12 | J9: 2. 영업본부의 공장 발주량 | K9: 60000 | L9: 30000 | M9: 30000 | O9: 3. 청산 매출액 | P9: =L78 -> 0 | Q9: =P9/$P$6 -> 0 | AB9: 가. 전기 매출 유입액 (=전기 매출액의 0.4) | AC9: =AC8*P234 -> 35535821496 | AE9: IV. 현금의 증가/손실 (=I+II+III) | AF9: =AF6+AF7+AF8 -> 7.3033043e+08 | AJ9: 나. 매출채권 | AK9: =P6*(1-0.6) -> 35452648000 | AQ9: 2. 매출액 이익율 (= 영업이익/매출액) | AR9: 영업이익 | AS9: =AS7 -> 4.0374031e+09 | AT9: =AS9/AS10 -> 0.045552627 | AZ9: 영업이익 | BA9: =P29 -> 4969493866 | BF9: + | BI9: =P41 -> 4.0374031e+09 | BS9: 3. 임직원 인센티브 | BT9: ='4. 재무분석도구'!P89 -> 7.7021408e+08 | BU9: ='4. 재무분석도구'!Q89 -> 3.7748344e+08 | BV9: ='4. 재무분석도구'!R89 -> 3.5230248e+08 | BW9: =SUM(BT9:BV9) -> 1500000000 | CC9: CPO | CD9: 1. 판매제품 모델 | CF9: 4 | CK9: I. 고정비 총계 | CL9: =SUM(CL10:CL13) -> 3515000000 | CM9: =SUM(CM10:CM13) -> 0 | CN9: =SUM(CN10:CN13) -> #DIV/0! | CO9: =SUM(CO10:CO13) -> 0 | CP9: =SUM(CP10:CP13) -> #DIV/0! | CQ9: =SUM(CQ10:CQ13) -> 0
B10: - 환율, 소비자 물가지수, 이자율 등을 입력 | E10: 5. 기말 유통매장 수 | F10: =K11+F9 -> 30 | G10: =L11+G9 -> 15 | H10: =M11+H9 -> 15 | J10: 3. 판매가격 | K10: 680000 | L10: 640 | M10: 3800 | O10: II. 매출원가 | P10: =L85 -> 46923785929 | Q10: =P10/$P$6 -> 0.52942489 | Z10: 3단계. 기초 현금을 수정 | AB10: 나. 당기 매출 유입액 (=당기 매출액의 0.6) | AC10: =P6*Q234 -> 53178972000 | AE10: V. 기초의 현금 | AF10: =AC40 -> 14218477611 | AJ10: 다. 단기 금융상품 | AK10: =K44 -> 5000000000 | AR10: 매출액 | AS10: 88631620000 | AZ10: 경상이익 | BA10: =P37 -> 5021753866 | BC10: 판관비 | BF10: 영업외 수익 | BI10: / | BL10: 매출액 이익율 | BS10: 4. 영업직원 교육훈련비 | BT10: ='4. 재무분석도구'!P96 -> 610000000 | BU10: ='4. 재무분석도구'!Q96 -> 350900000 | BV10: ='4. 재무분석도구'!R96 -> 290500000 | BW10: =SUM(BT10:BV10) -> 1251400000 | CD10: 2. 신설하는 정규생산라인 수 | CF10: 1 | CG10: 0 | CH10: 0 | CK10: 1. 공장건설비 (감가상각) | CL10: =CM60 -> 400000000 | CN10: =IF(CG14=1,CO60,0) -> 0 | CP10: =IF(CH14=1,CQ55,0) -> 0
D11: CPO | E11: 1. 최종 생산량 (예측) | F11: 136080 | J11: 4. 유통매장 신설 및 폐쇄 | K11: 5 | L11: 2 | M11: 3 | O11: 1. 기초 제품 재고액 | P11: 5564520000 | Q11: =P11/$P$6 -> 0.06278256 | Z11: - 전기 보고서에서 기말현금을 셀 X41에 입력 | AB11: 2. 매입 및 종업원에 대한 유출액 | AC11: =AC12-AC13+AC14 -> 84934340205 | AE11: VI. 기말의 현금 (=IV+V) | AF11: =AF9+AF10 -> 1.4948808e+10 | AJ11: 라. 단기 매매증권(=유가증권의 기말장부가) | AK11: =R249 -> 1100000000 | AP11: 유동성 | AQ11: 3. 당좌 비율 (=당좌자산/유동부채) | AR11: 당좌자산 | AS11: =AK7 -> 5.6501456e+10 | AT11: =IF(AS12=0,"해당 없음",AS11/AS12) -> 해당 없음 | AZ11: 순이익 | BA11: =P41 -> 4.0374031e+09 | BC11: =P15 -> 36738340205 | BF11: =#REF! -> #REF! | BI11: 매출액 | BL11: =BI9/BI12 -> 0.045552627 | BS11: 5. 연구개발비 | BT11: ='4. 재무분석도구'!P97 -> 1.8795791e+09 | BU11: ='4. 재무분석도구'!Q97 -> 9.2118543e+08 | BV11: ='4. 재무분석도구'!R97 -> 8.5973548e+08 | BW11: =SUM(BT11:BV11) -> 3660500000 | CD11: 3. 정규 생산라인의 작업 시간 | CF11: 48 | CG11: 0 | CH11: 0 | CK11: 2. 생산라인 건설비 (감가상각) | CL11: =CM61 -> 100000000 | CN11: =IF(CG10>0,CG10*CO61,0) -> 0 | CP11: =IF(CH10>0,CH10*CQ56,0) -> 0
B12: 3단계. 손익 추정 | E12: 2. 영업본부 입고량 (예측) | F12: =F13 -> 76080 | G12: =SUM(G13:G14) -> 30000 | H12: =H13+H15 -> 30000 | J12: 5. 광고비 | K12: 3200000000 | L12: 1900000 | M12: 12000000 | O12: 2. 당분기 제조원가 | P12: =L87 -> 49196000000 | Q12: =P12/$P$6 -> 0.5550615 | AB12: 가. 총 제조원가 | AC12: =P12 -> 49196000000 | AJ12: 2. 재고자산 | AK12: =SUM(AK13:AK14) -> 7836734071 | AR12: 유동부채 | AS12: =AL21 -> 0 | AY12: 재무상태표 활용 | AZ12: 자산 | BA12: =AL20 -> 7.433819e+10 | BF12: - | BI12: =BF8 -> 88631620000 | BS12: 6. 기타비용 | BT12: ='4. 재무분석도구'!P99 -> 9.8042283e+08 | BU12: ='4. 재무분석도구'!Q99 -> 5.1448677e+08 | BV12: ='4. 재무분석도구'!R99 -> 4.3572205e+08 | BW12: =SUM(BT12:BV12) -> 1930631655 | CD12: 4. 신설하는 2교대 생산라인 수 | CF12: 0 | CG12: 0 | CH12: 0 | CK12: 3. 노무비 | CL12: =CM55 -> 2200000000 | CM12: =CN55 -> 0 | CN12: =CO55 -> 0 | CO12: =CP55 -> 0 | CP12: =CQ55 -> 0 | CQ12: =CR55 -> 0
E13: 한국 공장 출고량 | F13: 76080 | G13: 30000 | H13: 30000 | J13: 6. 매장당 판매촉진비 | K13: 40000000 | L13: 40000 | M13: 150000 | O13: 3. 기말 제품 재고액 | P13: =L88 -> 7836734071 | Q13: =P13/$P$6 -> 0.088419168 | Z13: 4단계. 단기금융상품의 처분 | AB13: 나. 감가상각비 | AC13: =P63+P64 -> 1000000000 | AJ13: 가. 재료재고 | AK13: =K89 -> 0 | AP13: 안정성 | AQ13: 4. 부채비율 (=부채총계/자기자본) | AR13: 부채총계 | AS13: =AL25 -> 0 | AT13: =AS13/AS14 -> 0 | AZ13: 자본 | BA13: =AL37 -> 7.42351e+10 | BC13: 영업외 비용 | BF13: 비용 | BS13: 7. HR원가 총합 | BT13: =SUM(BT7:BT12) -> 9.253622e+09 | BU13: =SUM(BU7:BU12) -> 4.4700219e+09 | BV13: =SUM(BV7:BV12) -> 3.0777043e+09 | BW13: =SUM(BT13:BV13) -> 16801348205 | CD13: 5. 2교대 생산라인의 작업 시간 | CF13: 0 | CG13: 0 | CH13: 0 | CK13: 4. 경비 | CL13: =CM59 -> 815000000 | CM13: =CN59 -> 0 | CN13: =CO59 -> #DIV/0! | CO13: =CP59 -> 0 | CP13: =CQ59 -> #DIV/0! | CQ13: =CR59 -> 0
B14: - 셀 P11의 기초 제품 재고액을 전기 기말 제품 재고액으로 변경 | E14: U국가 공장 출고량 | G14: 0 | I14: CPO 의사결정 화면의 입력 값 | J14: 1. 가동하는 정규 생산라인 수 | K14: 6 | O14: III. 매출 총 이익 | P14: =L97 -> 41707834071 | Q14: =P14/$P$6 -> 0.47057511 | Z14: - 전기에 투자한 양도성예금 증서 투자액을 셀 X20에 입력 | AB14: 다. 판매 및 관리비 | AC14: =P15 -> 36738340205 | AJ14: 나. 제품재고 | AK14: =K93 -> 7836734071 | AR14: 자기자본 | AS14: =AL37 -> 7.42351e+10 | AX14: (Output) | AY14: 1. 자기자본 이익률 (ROE) | AZ14: 순이익 / 자본 | BA14: =BA11/BA13 -> 0.054386713 | BC14: =P33 -> 33990000 | BF14: =BC8+BC11+BC14+BC17 -> 8.4680467e+10 | BL14: * | BS14: 8. 판매량 | BT14: ='4. 재무분석도구'!P101 -> 66680 | BU14: ='4. 재무분석도구'!Q101 -> 32680 | BV14: ='4. 재무분석도구'!R101 -> 30500 | BW14: =SUM(BT14:BV14) -> 129860 | CD14: 6. 공장건설 | CG14: 1 | CH14: 1 | CK14: II. 변동비 총계 | CL14: =CL15+CL16 -> 4320000000 | CM14: =CM15+CM16 -> 0 | CN14: =CN15+CN16 -> 0 | CO14: =CO15+CO16 -> 0 | CP14: =CP15+CP16 -> 0 | CQ14: =CQ15+CQ16 -> 0
B15: - 1~4 단계 결과로 손익, 영업본부 수익, 제조원가 등이 자동 추정됨 | E15: C국가 공장 출고량 | J15: 2. 조업 중지 정규 생산라인 수 | K15: 0 | O15: IV. 판매 및 관리비 | P15: =L98 -> 36738340205 | Q15: =P15/$P$6 -> 0.41450602 | AB15: 3. 이자 수익 유입액 | AC15: =P31 -> 86250000 | AJ15: Ⅱ. 비유동자산 | AL15: =SUM(AK19,AK16) -> 10000000000 | AP15: 활동성 | AQ15: 5. 총자산 회전율 (=매출액/총자산) | AR15: 매출액 | AS15: =P6 -> 88631620000 | AT15: =AS15/AS16 -> 1.1939314 | AY15: 1-1. 매출액 이익률 (영업활동, 수익성) | AZ15: 순이익 / 매출액 | BA15: =BA11/BA7 -> 0.045552627 | BS15: 9. 단위당 HR원가 | BT15: =BT13/BT14 -> 138776.57 | BU15: =BU13/BU14 -> 136781.58 | BV15: =BV13/BV14 -> 100908.34 | BW15: =BW13/BW14 -> 129380.47 | CC15: CTO | CD15: 1. 선행기술 투자비 | CF15: 2800000000 | CK15: 1. 재료비 | CL15: =CM50 -> 4320000000 | CM15: =CN50 -> 0 | CN15: =CO50 -> 0 | CO15: =CP50 -> 0 | CP15: =CQ50 -> 0 | CQ15: =CR50 -> 0
E16: 3. 부품 긴급 구매량 (예측) | F16: 0 | G16: 0 | H16: 0 | J16: 3. 폐쇄하는 정규 생산라인 수 | K16: 0 | O16: 1. 임직원급여 | P16: =L99 -> 3935066550 | Q16: =P16/$P$6 -> 0.044397999 | Z16: 5단계. 단기 차입금 상환 | AB16: 4. 이자 비용 유출액 | AC16: =P34 -> 0 | AJ16: 1. 유형자산 | AK16: =SUM(AK17:AK18) -> 10000000000 | AR16: 총자산 | AS16: =AL38 -> 7.42351e+10 | AY16: 1-2. 자산 회전율 (투자활동, 활동성 ) | AZ16: 매출액 / 자산 | BA16: =BA7/BA12 -> 1.1922757 | BC16: 법인세 | BI16: 매출액 | CD16: 2. 양산R&D 투자비 | CF16: 1500000000 | CK16: 2. 마케팅 비용 | CL16: =CF21*CL18 -> 0 | CM16: =CF22*CM18 -> 0 | CN16: =CG21*CN18 -> 0 | CO16: =CO18*CG22 -> 0 | CP16: =CH21*CP18 -> 0 | CQ16: =CI21*CQ18 -> 0
B17: 4단계. 정보 공유 및 전략 수정 | E17: 4. 부품 기말 재고량 (예측) | F17: 0 | G17: 0 | H17: 0 | J17: 4. 정규 생산라인의 작업 시간 | K17: 48 | O17: 2. 영업직원급여 | P17: =L107 -> 4763750000 | Q17: =P17/$P$6 -> 0.053747748 | Z17: - 전기 유동부채의 단기 차입금을 X37에 입력 | AB17: 5. 법인세의 지급 | AC17: =P40 -> 9.8435077e+08 | AJ17: 가. 공장(=공장의 기말장부가) | AK17: 5200000000 | AP17: 성장성 | AQ17: 6. 매출액 증가율 (=(당기매출액-전기매출액)/전기매출액) | AR17: 당기 매출액 | AS17: =P6 -> 88631620000 | AT17: =(AS17-AS18)/AS18 -> -0.0023405536 | AY17: 1-3. 레버리지 비율 (재무활동, 부채비율) | AZ17: 자산 / 자본 | BA17: =BA12/BA13 -> 1.0013887 | BC17: =P40 -> 9.8435077e+08 | BF17: 유동자산 | BI17: =BI12 -> 88631620000 | CD17: 3. R&D 인건비 | CF17: 90000000 | CK17: 단위당 재료비 | CL17: =CL15/CF21 -> 200000 | CM17: =CM15/CF22 -> #DIV/0! | CN17: =CN15/CG21 -> #DIV/0! | CO17: =CO15/CG22 -> #DIV/0! | CP17: =CP15/CH21 -> #DIV/0! | CQ17: =CQ15/CH22 -> #VALUE!
B18: - 예상 손익 정보를 공유하고, 전략 및 계획 수정 | D18: CTO | E18: 1. 분기 초 R&D인원수 | F18: 50 | J18: 5. 가동하는 2교대 생산라인 수 | K18: 0 | O18: 3. 임직원인센티브 | P18: =L123 -> 1500000000 | Q18: =P18/$P$6 -> 0.016923983 | AB18: II. 투자활동으로 인한 현금흐름 | AC18: =AC19-AC24 -> -2030900000 | AJ18: 나. 생산설비(=생산라인의 기말장부가) | AK18: 4800000000 | AR18: 전기 매출액 | AS18: =AC8 -> 88839553740 | AY18: 2. 영역별 효율성 | BF18: 65299591812 | BI18: / | BL18: 자산회전율 | BO18: ROE | CC18: CHO | CD18: 1. 생산 직원 인건비 (라인당) | CF18: 2000000000 | CG18: 0 | CH18: 0 | CK18: 단위당 마케팅 비용 | CL18: =CF7*CF8 -> 0 | CM18: =CL18 -> 0 | CN18: =CG7*CG20*CG8 -> 0 | CO18: =CN18 -> 0 | CP18: =CH7*CH20*CH8 -> 0 | CQ18: =CP18 -> 0
E19: 2. 예상 자발적 퇴직 R&D인원수 | F19: 5 | J19: 6. 조업 중지 2교대 생산라인 수 | K19: 0 | O19: 4. 광고비 | P19: =L124 -> 7390000000 | Q19: =P19/$P$6 -> 0.083378821 | Z19: 6단계. 현금 흐름 추정 | AB19: 1. 투자활동으로 인한 현금 유입액 | AC19: =AC20+AC21+AC22+AC23 -> 4000000000 | AJ19: 3. 투자자산 | AK19: 0 | AY19: 2-1. 생산/구매 효율성 | AZ19: (매출액-매출원가) / 매출액 | BA19: =BA8/BA7 -> 0.47057511 | BF19: + | BI19: 총자산 | BL19: =BI17/BI20 -> 1.1770531 | BO19: =BI9/BI28 -> 0.054386713 | CC19: 경제지표 | CD19: 1 소비자물가지수 | CF19: 1 | CG19: 1 | CH19: 1 | CK19: 단위당 공헌이익 | CL19: =CF7-CL17-CL18 -> 480000 | CM19: =CF7-CM17-CM18 -> #DIV/0! | CN19: =(CG7*CG20)-CN17-CN18 -> #DIV/0! | CO19: =(CG7*CG20)-CO17-CO18 -> #DIV/0! | CP19: =(CH7*CH20)-CP17-CP18 -> #DIV/0! | CQ19: =(CH7*CH20)-CQ17-CQ18 -> #VALUE!
E20: 3. 비자발적 퇴직 R&D인원수 | F20: 0 | J20: 7. 폐쇄하는 2교대 생산라인 수 | O20: 5. 판매 촉진비 | P20: =L130 -> 2253750000 | Q20: =P20/$P$6 -> 0.025428284 | Z20: - 1~6 단계 결과로 기말 현금이 자동으로 추정됨 | AB20: 가. 단기 금융상품의 처분 (=전기 양도성예금증서 투자액) | AC20: 4000000000 | AJ20: 자산총계 | AL20: =SUM(AL6,AL15) -> 7.433819e+10 | AY20: 2-2. 경영관리 효율성 | AZ20: (매출 총이익-판관비) / 매출총이익 | BA20: =BA9/BA8 -> 0.11915013 | BF20: 비유동자산 | BI20: =BF18+BF21 -> 75299591812 | CD20: 2. 환율 | CF20: 1 | CG20: 1100 | CH20: 175 | CK20: 손익분기점 | CL20: =CL9/CL19 -> 7322.9167 | CM20: =CM9/CM19 -> #DIV/0! | CN20: =CN9/CN19 -> #DIV/0! | CO20: =CO9/CO19 -> #DIV/0! | CP20: =CP9/CP19 -> #DIV/0! | CQ20: =CQ9/CQ19 -> #VALUE!
E21: 4. 분기말 R&D인원수 예측치 | F21: =F18-F19-F20 -> 45 | G21: =G18-G19--G20 -> 0 | H21: =H18-H19-H20 -> 0 | J21: 8. 2교대 생산라인의 작업 시간 | K21: 0 | O21: 6. 물류비 | P21: =L140 -> 3460800000 | Q21: =P21/$P$6 -> 0.039047013 | AB21: 나. 유가 증권의 처분 (=처분하는 펀드 계좌수*전기 주가지수) | AC21: =IF(R245<0,ABS(R246),0) -> 0 | AJ21: Ⅰ. 유동부채 | AL21: =SUM(AK22) -> 0 | AY21: 2-3. 자금관리 효율성 | AZ21: 경상이익 / 영업이익 | BA21: =BA10/BA9 -> 1.0105162 | BF21: 10000000000 | CC21: 자동계산 | CD21: 정규생산라인 표준 생산량 | CF21: =IF(CF11=CC49,CD49*CF10,IF(CF11=CC50,CD50*CF10,IF(CF11=CC51,CD51*CF10,0))) -> 21600 | CG21: =IF(CG11=CC49,CF49*CG10,IF(CG11=CC50,CF50*CG10,IF(CG11=CC51,CF51*CG10,0))) -> 0 | CH21: =IF(CH11=CC49,CH49*CH10,IF(CH11=CC50,CH50*CH10,IF(CH11=CC51,CH51*CH10,0))) -> 0
E22: 1. 분기 초 고급R&D인원수 | F22: 23 | J22: 9. 부품 구매량 | K22: 136080 | O22: 7. 재고관리비 | P22: =L149 -> 881192000 | Q22: =P22/$P$6 -> 0.0099421854 | Z22: 7단계. 정보 공유 및 전략 수정 | AB22: 다. 생산설비의 매각 | AC22: 0 | AJ22: 1. 단기차입금 | AK22: =AC31+AC41 -> 0 | AY22: 2-4. 세금 경쟁력 | AZ22: (경상이익-법인세 비용) / 경상이익 | BA22: =BA11/BA10 -> 0.80398267 | BL22: * | CD22: 2교대 생산라인 표준 생산량 | CF22: =IF(CF15=CC49,CE49*CF14,IF(CF15=CC50,CE50*CF14,IF(CF15=CC51,CE51*CF14,0))) -> 0 | CG22: =IF(CG15=CC49,CG49*CG14,IF(CG15=CC50,CG50*CG14,IF(CG15=CC51,CG51*CG14,0))) -> 0
E23: 2. 예상 자발적 퇴직 고급R&D인원수 | F23: 3 | J23: 10. 설비관리 보전비(라인당) | K23: 50000000 | O23: 8. 영업본부 유지비 | P23: =L156 -> 1400000000 | Q23: =P23/$P$6 -> 0.015795717 | Z23: - 예상 현금 흐름 추정 후. 현금 부족시 조달하고, 여유시 투자 및 상환 | AB23: 라. 공장의 매각 | AC23: 0 | AJ23: Ⅱ. 비유동부채 | AL23: =SUM(AK24) -> 0 | CD23: 정규생산 라인당 노무비 | CF23: =IF(CF11=CC54,CD54,IF(CF11=CC55,CD55,IF(CF11=CC56,CD56,0))) -> 2200000000 | CG23: =IF(CG11=CC54,CF54,IF(CG11=CC55,CF55,IF(CG11=CC56,CF56,0)))*CG20 -> 0 | CH23: =IF(CH11=CC54,CH54,IF(CH11=CC55,CH55,IF(CH11=CC56,CH56,0)))*CH20 -> 0
E24: 3. 비자발적 퇴직 고급R&D인원수 | F24: 0 | J24: 11. 2교대라인 신설 (1분기 소요) | K24: 0 | O24: 9. 유통매장 유지비 | P24: =L160 -> 3311250000 | Q24: =P24/$P$6 -> 0.037359692 | AB24: 2. 투자활동으로 인한 현금 유출액 | AC24: =AC25+AC26+AC27+AC28 -> 6030900000 | AJ24: 1. 사채 | AK24: =AC32 -> 0 | BF24: 부채 | BI24: 총자산 | CD24: 2교대 생산라인당 노무비 | CF24: =IF(CF13=CC54,CE54,IF(CF13=CC55,CE55,IF(CF13=CC56,CE56,0))) -> 0 | CG24: =IF(CG13=CC54,CG54,IF(CG13=CC55,CG55,IF(CG13=CC56,CG56,0)))*CG20 -> 0 | CH24: =IF(CH13=CC54,CI54,IF(CH13=CC55,CI55,IF(CH13=CC56,CI56,0)))*CH20 -> 0
E25: 4. 분기말 고급 R&D인원수 예측치 | F25: =F22-F23-F24 -> 20 | J25: 12. 정규라인 신설 (2분기 소요) | K25: 0 | L25: 0 | M25: 0 | O25: 10. 교육훈련비 | P25: =L167 -> 1251400000 | Q25: =P25/$P$6 -> 0.014119115 | AB25: 가. 단기 금융상품의 취득 (=당기 양도성예금중서 투자액) | AC25: =K44 -> 5000000000 | AJ25: 부채총계 | AL25: =SUM(AL21,AL23) -> 0 | BF25: =AL25 -> 0 | BI25: =BF25+BF28 -> 7.42351e+10
D26: CHO | E26: 1. 분기 초 영업직원 수 | F26: 275 | G26: 142 | H26: 145 | J26: 13. 공장의 신설(2분기 소요) 및 폐쇄 | L26: 0 | M26: 0 | O26: 11. 연구개발비 | P26: =L179 -> 3660500000 | Q26: =P26/$P$6 -> 0.041300159 | AB26: 나. 유가 증권의 취득 (=취득하는 펀드 계좌수*전기 주가지수) | AC26: =IF(R245>0,R246,0) -> 1030900000 | AJ26: Ⅰ. 자본금 | AL26: 25000000000 | BF26: + | BI26: / | BL26: 레버리지 비율 | CC26: ▶ 생산능력 조정에 따른 투자비용 증감분
E27: 2. 예상 자발적 퇴직 영업직원 수(-로 입력) | F27: -25 | G27: -12 | H27: -15 | I27: CTO 의사결정 화면의 입력 값 | J27: 1. 선행기술 투자비 | K27: 2800000000 | O27: 12. 본사임차료 | P27: =L189 -> 1000000000 | Q27: =P27/$P$6 -> 0.011282655 | AB27: 다. 생산설비의 취득 | AC27: =IF(K25>=1,K25*Q190*#REF!/Q193)+IF(L25>=1,L25*R190*G38*#REF!/Q193)+IF(M25>=1,M25*S190*H38*#REF!/Q193) -> 0 | AJ27: Ⅱ. 자본 잉여금 | AL27: =SUM(AK28:AK28) -> 0 | BF27: 자기자본 | BI27: 자기자본 | BL27: =BI25/BI28 -> 1 | CD27: 한국 | CF27: U국가 | CH27: C국가
E28: 3. 비자발적 퇴직 영업직원수 | F28: =ABS(F27+(IF(K32<0,K32))) -> 25 | G28: =ABS(G27+(IF(L32<0,L32))) -> 12 | H28: =ABS(H27+(IF(M32<0,M32))) -> 15 | J28: 2. 양산R&D 투자비 | K28: 1200000000 | O28: 13. 기타비용 | P28: =L190 -> 1930631655 | Q28: =P28/$P$6 -> 0.021782651 | AB28: 라. 공장의 취득 | AC28: =IF(L34=1,R195*G29*G28/Q197)+IF(M34=1,S195*H29*H28/Q197) -> 0 | AJ28: 1. 전기말 자본 잉여금 | AK28: 0 | BF28: =BA13 -> 7.42351e+10 | BI28: =BF28 -> 7.42351e+10 | CC28: 1.공장신설 | CF28: =CG14 -> 1 | CH28: =CH14 -> 1
E29: 4. 활동중인 영업직원수 예측치 | F29: =F26+F27-F28 -> 225 | G29: =G26+G27-G28 -> 118 | H29: =H26+H27-H28 -> 115 | J29: 3. R&D인원수 채용(+) 및 해고 (-) | K29: 5 | O29: V. 영업이익 | P29: =P14-P15 -> 4969493866 | Q29: =P29/$P$6 -> 0.056069085 | AB29: III. 재무활동으로 인한 현금흐름 | AC29: =AC30-AC35 -> -1.2112209e+08 | AJ29: 2. 당기 자본 잉여금 증가 | AK29: =AK30*AK31 -> 0 | CC29: 2.라인 신설 | CD29: 정규라인 | CE29: 2교대 라인 | CF29: 정규라인 | CG29: 2교대 라인 | CH29: 정규라인 | CI29: 2교대 라인
E30: 5. 교육 훈련 중인 영업직원 수 | F30: =K32 -> 35 | G30: =L32 -> 17 | H30: =M32 -> 22 | J30: 4. R&D고급인력 스카우트(+) 및 해고 (-) | K30: 3 | O30: VI. 영업외 수익 | P30: =L205 -> 86250000 | Q30: =P30/$P$6 -> 0.000973129 | AB30: 1. 재무활동으로 인한 현금 유입액 | AC30: =SUM(AC31:AC33) -> 0 | AJ30: 2-2. 전기 주가-액면가 | AK30: 774 | CD30: =CF10 -> 1 | CE30: =CF12 -> 0 | CF30: =CG10 -> 0 | CG30: =CG12 -> 0 | CH30: =CH10 -> 0 | CI30: =CH12 -> 0
E31: 6. 분기 초 디지털마케팅 고급인력 | F31: 17 | J31: 5. R&D 인건비 | K31: 9000000 | O31: 1. 이자 수익 | P31: =K206 -> 86250000 | Q31: =P31/$P$6 -> 0.000973129 | AB31: 가. 단기 차입금의 차입(=CFO의 은행대출 의사결정) | AC31: =K41 -> 0 | AJ31: Ⅲ. 이익 잉여금 | AL31: =SUM(AK32:AK33) -> 4.92351e+10 | CC31: 3.작업 시간 | CD31: =CF11 -> 48 | CE31: =CF13 -> 0 | CF31: =CG11 -> 0 | CG31: =CG13 -> 0 | CH31: =CH11 -> 0 | CI31: =CH13 -> 0
E32: 7. 예상 자발적 퇴직 디지털마케팅 고급인력(-로 입력) | F32: 2 | I32: CHO 의사결정 화면의 입력 값 | J32: 1. 영업직원 채용(+) 및 해고(-) | K32: 35 | L32: 17 | M32: 22 | O32: 2. 유가증권 평가 이익 | P32: =IF(R250>0,R250,0) -> 0 | Q32: =P32/$P$6 -> 0 | AB32: 나. 사채의 발행 (=당기 회사채 발행금액) | AC32: =K42 -> 0 | AJ32: 1. 전기 이익 잉여금 | AK32: 45318819107 | CC32: 4.투자비용 | CD32: =SUM(CD33:CD35) -> 2500000000 | CE32: =SUM(CE33:CE35) -> 0 | CF32: =SUM(CF33:CF35) -> 11000000000 | CG32: =SUM(CG33:CG35) -> 0 | CH32: =SUM(CH33:CH35) -> 5250000000 | CI32: =CH13 -> 0
E33: 8. 비자발적 퇴직 디지털마케팅 고급인력 | F33: 0 | J33: 2. 디지털마케팅 고급인력(스카우트 및 해고) | K33: 5 | L33: 0 | M33: 0 | O33: VII. 영업외 비용 | P33: =L208 -> 33990000 | Q33: =P33/$P$6 -> 0.00038349745 | AB33: 다. 주식의 발행 (=당기 발행 주식수*전기 주가) | AC33: =K43*AC34 -> 0 | AJ33: 2. 당기 이익 잉여금 증가 | AK33: =AK34-AK35 -> 3.916281e+09 | CC33: 4.1.공장신설비 | CF33: =IF(CF28=1,CF72*CG20) -> 11000000000 | CH33: =IF(CH28=1,CG72*CH20) -> 5250000000
E34: 9. 분기말 디지털마케팅 고급인력 예측치 | F34: 15 | J34: 3. 영업직원 기본급(인당) | K34: 8000000 | L34: 10000 | M34: 30000 | O34: 1. 이자비용 | P34: =K41*F40*0.25+K42*F41*0.25 -> 0 | Q34: =P34/$P$6 -> 0 | AB34: (전기 주가) | AC34: 5774 | AJ34: 2-1. 당기순이익 | AK34: =P41 -> 4.0374031e+09 | CC34: 4.2.라인신설비 | CD34: =IF(CD30>=1,CD30*CE70) -> 2000000000 | CF34: =IF(CF30>=1,CF30*CF70*CG20) -> FALSE | CH34: =IF(CH30>=1,CH30*CG70*CH20) -> FALSE
J35: 4. 영업직원 복리후생비(인당) | K35: 800000 | L35: 1000 | M35: 3000 | O35: 2. 유가증권 평가 손실 | P35: =IF(R250<0,ABS(R250),0) -> 33990000 | Q35: =P35/$P$6 -> 0.00038349745 | AB35: 2. 재무활동으로 인한 현금 유출액 | AC35: =SUM(AC36:AC38) -> 1.2112209e+08 | AJ35: 2-2. 배당금 | AK35: =IF(AK34>0,AK34*K46,0) -> 1.2112209e+08 | CC35: 4.3.교육훈련비 (손익계산서) | CD35: =IF(CD30>=1,CD30*CE68) -> 500000000 | CE35: =IF(CE30>=1,CE30*CE68) -> FALSE | CF35: =IF(CF30>=1,CF30*CF68*CG20) -> FALSE | CG35: =IF(CG30>=1,CG30*CF68*CG20) -> FALSE | CH35: =IF(CH30>=1,CH30*CG68*CH20) -> FALSE | CI35: =IF(CI30>=1,CI30*CG68*CH20) -> FALSE
D36: CFO | E36: 1. 누적 펀드계좌 수 | F36: 1000000 | J36: 5. 생산직원 기본급(라인당) | K36: 1800000000 | O36: 3. 유형자산 처분 손실 | P36: 0 | Q36: =P36/$P$6 -> 0 | AB36: 가. 단기 차입금 및 긴급자금대출 상환 | AC36: 0 | AJ36: Ⅳ. 자본 조정 | AL36: 0 | CC36: 5.생산증가량 | CD36: =IF(CD31=CC49,CD49*CD30,IF(CD31=CC50,CD50*CD30,IF(CD31=CC51,CD51*CD30))) -> 21600 | CE36: =IF(CE31=CC49,CE49*CE30,IF(CE31=CC50,CE50*CE30,IF(CE31=CC51,CE51*CE30))) -> FALSE | CF36: =IF(CF31=CC49,CF49*CF30,IF(CF31=CC50,CF50*CF30,IF(CF31=CC51,CF51*CF30))) -> FALSE | CG36: =IF(CG31=CC49,CG49*CG30,IF(CG31=CC50,CG50*CG30,IF(CG31=CC51,CG51*CG30))) -> FALSE | CH36: =IF(CH31=CC49,CH49*CH30,IF(CH31=CC50,CH50*CH30,IF(CH31=CC51,CH51*CH30))) -> FALSE | CI36: =IF(CI31=CC49,CI49*CI30,IF(CI31=CC50,CI50*CI30,IF(CI31=CC51,CI51*CI30))) -> FALSE
D37: 경제 동향 | E37: 1 소비자물가지수 (예측) | F37: 1 | G37: 1 | H37: 1 | J37: 6. 생산직원 복리후생비(라인당) | K37: 200000000 | O37: VIII. 경상이익 | P37: =L212 -> 5021753866 | Q37: =P37/$P$6 -> 0.056658717 | AB37: 나. 사채의 상환 (=회사채 발행 시 4분기 후 자동상환) | AC37: 0 | AJ37: 자본 총계 | AL37: =SUM(AL26,AL27,AL31,AL36) -> 7.42351e+10
E38: 2. 환율 (예측) | F38: 1 | G38: 1100 | H38: 175 | J38: 7. 영업직원 교육훈련비(영업본부별) | K38: 400000000 | L38: 200000 | M38: 1000000 | O38: IX. 중단 사업 손익 | P38: =L213 -> 0 | Q38: =P38/$P$6 -> 0 | AB38: 다. 배당금 지급 | AC38: =IF(P41>=1,P41*K46,0) -> 1.2112209e+08 | AJ38: 부채와 자본 총계 | AL38: =SUM(AL25,AL37) -> 7.42351e+10
E39: 3. 양도성예금증서 이자율 (예측) | F39: 0.069 | J39: 8. 생산직원 교육훈련비(라인당) | K39: 80000000 | O39: X. 법인세비용 차감전 순이익 | P39: =L214 -> 5021753866 | Q39: =P39/$P$6 -> 0.056658717 | AB39: IV. 현금의 증가/감소 | AC39: =AC6+AC18+AC29 -> 7.3033043e+08 | AJ39: ※자산총계와 부채와 자본 총계의 불일치 시 이익잉여금으로 조정함 | CH39: 아래는 세부 계산 내역이니 입력하지 마십시오.
E40: 4. 은행대출 이자율 (예측) | F40: 0.0719 | J40: 9. R&D 교육훈련비 | K40: 100000000 | O40: XI. 법인세 비용 | P40: =L215 -> 9.8435077e+08 | Q40: =P40/$P$6 -> 0.01110609 | AB40: V. 기초의 현금 | AC40: 14218477611
E41: 5. 회사채 이자율 (예측) | F41: 0.0794 | I41: CFO 의사결정 화면의 입력 값 | J41: 1. 은행 대출 | K41: 0 | O41: ⅩII. 당기 순이익 | P41: =L216 -> 4.0374031e+09 | Q41: =P41/$P$6 -> 0.045552627 | AB41: Ⅵ. 긴급자금대출 (=현금부족 시 자동대출) | AC41: =IF(AC39+AC40<0,ABS(AC39+AC40),0) -> 0
E42: 6. 전기 한국 주가지수 | F42: 103.09 | J42: 2. 회사채 발행 | K42: 0 | O42: 36638329500 | P42: =P15 -> 36738340205 | Q42: =P42-O42 -> 100010705 | AB42: VII. 기말의 현금 | AC42: =AC39+AC40+AC41 -> 1.4948808e+10
E43: 7. 당기 한국 주가지수 | F43: 100 | J43: 3. 주식발행 (주) | K43: 0 | R43: * 손익계산서의 영업이익 추정치와 영업본부별 수익성 추정치의 합은 다를 수 있습니다.
J44: 4. 양도성 예금증서 투자 | K44: 5000000000 | O44: (Output). 1-2. 영업본부별 수익성 | R44: * 손익계산서에서는 기초재고와 기말재고의 가치가 다르기 때문입니다.
J45: 5. 펀드투자 (계좌수) | K45: 10000000
J46: 6. 배당 | K46: 0.03 | O46: 수익성 분석 항목 | P46: 한국 | Q46: U국가 | R46: C국가 | S46: 평균 | T46: 가격기준 비율 | CC46: ▶ 생산 Paramter Table | CK46: ▶ 생산 원가 세부 내역 (자동 계산)
O47: 1. 단위당 가격 (원화) | P47: =K10 -> 680000 | Q47: =L10*G38 -> 704000 | R47: =M10*H38 -> 665000 | S47: =AVERAGE(P47:R47) -> 683000 | T47: =S47/$S$47 -> 1 | CC47: 1. 라인당 생산량 | CD47: 한국 | CF47: U국가 | CH47: C국가 | CM47: 한국 공장 | CO47: U국가 공장 | CQ47: C국가 공장
O48: 2. 단위당 제조원가 | P48: =P71 -> 361523 | Q48: =IF(Q70<=0,P71,Q71) -> 361523 | R48: =IF(R70<=0,P71,R71) -> 361523 | S48: =AVERAGE(P48:R48) -> 361523 | T48: =S48/$S$47 -> 0.52931625 | CC48: 작업시간 | CD48: 정규 | CE48: 2교대 | CF48: 정규 | CG48: 2교대 | CH48: 정규 | CI48: 2교대 | CK48: 원가항목 | CL48: 계산항목 | CM48: 정규 | CN48: 2교대 | CO48: 정규 | CP48: 2교대 | CQ48: 정규 | CR48: 2교대
O49: 3. 단위당 판관비 | P49: =P102 -> 264754.92 | Q49: =Q102 -> 331453.78 | R49: =R102 -> 262707.3 | S49: =AVERAGE(P49:R49) -> 286305.33 | T49: =S49/$S$47 -> 0.4191879 | CC49: 40 | CD49: 20000 | CE49: 19000 | CF49: 21000 | CG49: 19950 | CH49: 19000 | CI49: 18050 | CK49: 1. 당기제품 제조원가 | CL49: 총액 | CM49: =CM50+CM55+CM59 -> 7335000000 | CN49: =CN50+CN55+CN59 -> 0 | CO49: =CO50+CO55+CO59 -> #DIV/0! | CP49: =CP50+CP55+CP59 -> 0 | CQ49: =CQ50+CQ55+CQ59 -> #DIV/0! | CR49: =CR50+CR55+CR59 -> 0
O50: 4. 단위당 영업 이익 | P50: =P47-P48-P49 -> 53722.08 | Q50: =Q47-Q48-Q49 -> 11023.219 | R50: =R47-R48-R49 -> 40769.702 | S50: =AVERAGE(P50:R50) -> 35171.667 | T50: =S50/$S$47 -> 0.051495852 | CC50: 44 | CD50: 20800 | CE50: 19760 | CF50: 21840 | CG50: 20748 | CH50: 19760 | CI50: 18772 | CK50: 1.1 재료비 | CL50: 총액 | CM50: =CM52*CM53*CM54 -> 4320000000 | CN50: =CN52*CN53*CN54 -> 0 | CO50: =CO52*CO53*CO54*CG20 -> 0 | CP50: =CP52*CP53*CP54*CG20 -> 0 | CQ50: =CQ52*CQ53*CQ54*CH20 -> 0 | CR50: =CR52*CR53*CR54*CH20 -> 0
O51: 5. 시장별 예상 판매량 | P51: =F6 -> 66680 | Q51: =G6 -> 32680 | R51: =H6 -> 30500 | S51: =AVERAGE(P51:R51) -> 43286.667 | CC51: 48 | CD51: 21600 | CE51: 20520 | CF51: 22680 | CG51: 21546 | CH51: 20520 | CI51: 19494 | CL51: 제품 모델 | CM51: =CF9 -> 4 | CN51: =CM51 -> 4 | CO51: =CN51 -> 4 | CP51: =CO51 -> 4 | CQ51: =CP51 -> 4 | CR51: =CQ51 -> 4
O52: 6. 시장별 예상 매출액 | P52: =P47*P51 -> 45342400000 | Q52: =Q47*Q51 -> 23006720000 | R52: =R47*R51 -> 20282500000 | S52: =SUM(P52:R52) -> 88631620000 | CC52: 2. 라인당 노무비 | CD52: 한국 | CF52: U국가 | CH52: C국가 | CL52: 생산량 | CM52: =CF21 -> 21600 | CN52: =CF22 -> 0 | CO52: =CG21 -> 0 | CP52: =CG22 -> 0 | CQ52: =CH21 -> 0 | CR52: =CI22 -> 0
O53: 시장별 영업 이익 추정치 | P53: =P50*P51 -> 3.5821883e+09 | Q53: =Q50*Q51 -> 3.6023878e+08 | R53: =R50*R51 -> 1.2434759e+09 | S53: =SUM(P53:R53) -> 5.185903e+09 | CC53: 작업시간 | CD53: 정규 | CE53: 2교대 | CF53: 정규 | CG53: 2교대 | CH53: 정규 | CI53: 2교대 | CL53: 단위당 재료비 | CM53: =IF(CM51=CD57,CD58,IF(CE57,CE58,IF(CF57,CF58,IF(CG57,CG58,IF(CH57,CH58,CI58))))) -> 200000 | CN53: =CM53 -> 200000 | CO53: =IF(CO51=CD57,CD59,IF(CE57,CE59,IF(CF57,CF59,IF(CG57,CG59,IF(CH57,CH59,CI59))))) -> 180 | CP53: =CO53 -> 180 | CQ53: =IF(CQ51=CD57,CD60,IF(CE57,CE60,IF(CF57,CF60,IF(CG57,CG60,IF(CH57,CH60,CI60))))) -> 1000 | CR53: =CQ53 -> 1000
V54: ` | CC54: 40 | CD54: =CF18 -> 2000000000 | CE54: =CD54*1.1 -> 2200000000 | CF54: =IF(CG18>=1,CG18,2200000) -> 2200000 | CG54: =CF54*1.1 -> 2420000 | CH54: =IF(CH18>=1,CH18,8000000) -> 8000000 | CI54: =CH54*1.1 -> 8800000 | CL54: 소비자 물가 지수 | CM54: =CF19 -> 1 | CN54: =CM54 -> 1 | CO54: =CG19 -> 1 | CP54: =CO54 -> 1 | CQ54: =CH19 -> 1 | CR54: =CQ54 -> 1
CC55: 44 | CD55: =CD54*1.05 -> 2100000000 | CE55: =CE54*1.05 -> 2310000000 | CF55: =CF54*1.05 -> 2310000 | CG55: =CG54*1.05 -> 2541000 | CH55: =CH54*1.05 -> 8400000 | CI55: =CI54*1.05 -> 9240000 | CK55: 1.2 노무비 | CL55: 총액 | CM55: =CM56*CM58 -> 2200000000 | CN55: =CN56*CN58 -> 0 | CO55: =CO56*CO58 -> 0 | CP55: =CP56*CP58 -> 0 | CQ55: =CQ56*CQ58 -> 0 | CR55: =CR56*CR58 -> 0
O56: (Output) 1-3. 제조원가 | CC56: 48 | CD56: =CD54*1.1 -> 2200000000 | CE56: =CE54*1.1 -> 2420000000 | CF56: =CF54*1.1 -> 2420000 | CG56: =CG54*1.1 -> 2662000 | CH56: =CH54*1.1 -> 8800000 | CI56: =CI54*1.1 -> 9680000 | CL56: 생산라인수 | CM56: =CF10 -> 1 | CN56: =CF12 -> 0 | CO56: =CG10 -> 0 | CP56: =CG12 -> 0 | CQ56: =CH12 -> 0 | CR56: =CI14 -> 0
CC57: 3. 모델별 재료비 | CD57: 4 | CE57: 5 | CF57: 6 | CG57: 7 | CH57: 8 | CI57: 9 | CL57: 작업시간 | CM57: =CF11 -> 48 | CN57: =CF13 -> 0 | CO57: =CG11 -> 0 | CP57: =CG13 -> 0 | CQ57: =CH11 -> 0 | CR57: =CI15 -> 0
O58: 생산원가 항목 | P58: 한국 | Q58: U국가 | R58: C국가 | S58: 합계 | CC58: 한국 | CD58: 200000 | CE58: 225000 | CF58: 255000 | CG58: 290000 | CH58: 315000 | CI58: 345000 | CL58: 라인당 노무비 | CM58: =CF23 -> 2200000000 | CN58: =CF24 -> 0 | CO58: =CG23 -> 0 | CP58: =CG24 -> 0 | CQ58: =CH23 -> 0 | CR58: =CH24 -> 0
O59: 1. 당기제품 제조원가 | P59: =Q124 -> 49196000000 | Q59: =S124 -> 0 | R59: =U124 -> 0 | S59: =SUM(P59:R59) -> 49196000000 | CC59: U국가 | CD59: 180 | CE59: 200 | CF59: 220 | CG59: 250 | CH59: 280 | CI59: 300 | CK59: 1.3 경비 | CL59: 총액 | CM59: =CM64+CM68+CM71+CM72 -> 815000000 | CN59: =CN64+CN72 -> 0 | CO59: =CO64+CO68+CO71+CO72 -> #DIV/0! | CP59: =CP64+CP72 -> 0 | CQ59: =CQ64+CQ68+CQ71+CQ72 -> #DIV/0! | CR59: =CR64+CR72 -> 0
O60: 1.1 재료원가 | P60: =Q125 -> 27216000000 | Q60: =S125 -> 0 | R60: =U125 -> 0 | S60: =SUM(P60:R60) -> 27216000000 | CC60: C국가 | CD60: 1000 | CE60: 1150 | CF60: 1200 | CG60: 1380 | CH60: 1650 | CI60: 1800 | CK60: 1.3.1 공장감가상각 | CL60: 총액 | CM60: =CF75 -> 400000000 | CN60: N/A | CO60: =IF(CG12>=1,CF76,0) -> 0 | CP60: N/A | CQ60: =IF(CH12>=1,CF77,0) -> 0 | CR60: N/A
O61: 1.2 노무원가 | P61: =Q130+R130 -> 1.32e+10 | Q61: =S130+T130 -> 0 | R61: =U130+V130 -> 0 | S61: =SUM(P61:R61) -> 1.32e+10 | CC61: 4. 라인당 Utility 비용 | CD61: 한국 | CF61: U국가 | CH61: C국가 | CK61: 1.3.2 설비감가상각 | CL61: 총액 | CM61: =CM62*CM63 -> 100000000 | CN61: N/A | CO61: =CO62*CO63 -> 0 | CP61: N/A | CQ61: =CQ62*CQ63 -> 0 | CR61: N/A
M62: 아래는 세부 계산 내역이니 입력하지 마십시오. | O62: 1.3 제조간접원가 | P62: =Q135+R135 -> 8780000000 | Q62: =S135+T135 -> 0 | R62: =U135+V135 -> 0 | S62: =SUM(P62:R62) -> 8780000000 | CC62: 생산라인 | CD62: 정규 | CE62: 2교대 | CF62: 정규 | CG62: 2교대 | CH62: 정규 | CI62: 2교대 | CL62: 라인당 감가상각비 | CM62: =CF80 -> 100000000 | CN62: N/A | CO62: =CF81 -> 110000000 | CP62: N/A | CQ62: =CF82 -> 87500000 | CR62: N/A
O63: 1.3.1 공장감가상각 | P63: =Q136 -> 400000000 | Q63: =S136 -> 0 | R63: =U136 -> 0 | S63: =SUM(P63:R63) -> 400000000 | CC63: 비용 | CD63: 300000000 | CE63: 300000000 | CF63: 300000 | CG63: 300000 | CH63: 1300000 | CI63: 1300000 | CL63: 생산라인수 | CM63: =CF10 -> 1 | CN63: N/A | CO63: =CG10 -> 0 | CP63: N/A | CQ63: =CH12 -> 0 | CR63: N/A
J64: ▶ 손익계산서 작성 도구 (자동 계산) | O64: 1.3.2 설비감가상각 | P64: =Q137 -> 600000000 | Q64: =S137 -> 0 | R64: =U137 -> 0 | S64: =SUM(P64:R64) -> 600000000 | CC64: 5. 공장인건비 및 기타경비 | CD64: 한국 | CF64: U국가 | CH64: C국가 | CK64: 1.3.3 utility 비 | CL64: 총액 | CM64: =CM65*CM66*CM67 -> 300000000 | CN64: =CN65*CN66*CN67 -> 0 | CO64: =CO65*CO66*CO67*CG20 -> 0 | CP64: =CP65*CP66*CP67*CG20 -> 0 | CQ64: =CQ65*CQ66*CQ67*CH20 -> 0 | CR64: =CR65*CR66*CR67*CI20 -> 0
O65: 1.3.3 utility 비 | P65: =Q140+R140 -> 1800000000 | Q65: =S140+T140 -> 0 | R65: =U140+V140 -> 0 | S65: =SUM(P65:R65) -> 1800000000 | CC65: 생산라인 | CD65: 정규 | CE65: 2교대 | CF65: 정규 | CG65: 2교대 | CH65: 정규 | CI65: 2교대 | CL65: 생산라인수 | CM65: =CF10 -> 1 | CN65: =CF12 -> 0 | CO65: =CG10 -> 0 | CP65: =CG12 -> 0 | CQ65: =CH12 -> 0 | CR65: =CI14 -> 0
J66: 항목 | L66: 합계 | O66: 1.3.4 공장 기타 경비 | P66: =Q143 -> 4000000000 | Q66: =S143 -> 0 | R66: =U143 -> 0 | S66: =SUM(P66:R66) -> 4000000000 | CD66: ='1. Parameter Table'!D35 -> 4000000000 | CE66: ='1. Parameter Table'!E35 -> 0 | CF66: ='1. Parameter Table'!F35 -> 2000000 | CG66: ='1. Parameter Table'!G35 -> 0 | CH66: ='1. Parameter Table'!H35 -> 5000000 | CI66: ='1. Parameter Table'!I35 -> 0 | CL66: 라인당 utility비용 | CM66: =CD63 -> 300000000 | CN66: =CM66 -> 300000000 | CO66: =CF63 -> 300000 | CP66: =CO66 -> 300000 | CQ66: =CH63 -> 1300000 | CR66: =CQ66 -> 1300000
J67: I. 매출액 | L67: =L68+L71+L78 -> 88631620000 | O67: 1.3.5 설비관리 및 품질개선비 | P67: =Q145 -> 1500000000 | Q67: =S145 -> 0 | R67: =U145 -> 0 | S67: =SUM(P67:R67) -> 1500000000 | CC67: 6. 생산라인 인력채용 비용 | CE67: 한국 | CF67: U국가 | CG67: C국가 | CL67: 소비자 물가 지수 | CM67: =CM54 -> 1 | CN67: =CN54 -> 1 | CO67: =CO54 -> 1 | CP67: =CP54 -> 1 | CQ67: =CQ54 -> 1 | CR67: =CR54 -> 1
J68: 1. 국내 매출액 | L68: =K69*K70 -> 45342400000 | O68: 1.3.6 생산라인 교육비 | P68: =Q149+R149 -> 480000000 | Q68: =S149+T149 -> 0 | R68: =U149+V149 -> 0 | S68: =SUM(P68:R68) -> 480000000 | CD68: 정규 및 2교대 | CE68: 500000000 | CF68: 500000 | CG68: 1500000 | CK68: 1.3.4 공장 기타 경비 | CL68: 총액 | CN68: N/A | CO68: =CO69*CO70 -> 0 | CP68: N/A | CQ68: =CQ69*CQ70 -> 0 | CR68: N/A
J69: 1-1. 한국영업본부 가격 | K69: =K10 -> 680000 | O69: 1.3.7 조업중지비 | P69: =Q156+R156 -> 0 | Q69: =S156+T156 -> 0 | R69: =U156+V156 -> 0 | CC69: 7. 생산라인 신설비용 | CE69: 한국 | CF69: U국가 | CG69: C국가 | CL69: 공장기타경비 | CM69: =CD66 -> 4000000000 | CN69: 0 | CO69: =IF(CG12>=1,CF66*CG20) -> FALSE | CQ69: =IF(CH12>=1,CH66*CH20) -> FALSE
J70: 1-2. 한국영업본부 판매량 | K70: =F6 -> 66680 | O70: 2. 생산량 | P70: =Q160 -> 136080 | Q70: =S160 -> 0 | R70: =U160 -> 0 | S70: =SUM(P70:R70) -> 136080 | CD70: 정규 생산라인 | CE70: 2000000000 | CF70: 2000000 | CG70: 10000000 | CL70: 소비자 물가 지수 | CM70: =CM54 -> 1 | CN70: =CN54 -> 1 | CO70: =CO54 -> 1 | CP70: =CP54 -> 1 | CQ70: =CQ54 -> 1 | CR70: =CR54 -> 1
J71: 2. 수출액 | L71: =K72+K75 -> 43289220000 | O71: 3. 단위당 제조원가 | P71: =ROUND(P59/P70,0) -> 361523 | Q71: =ROUND(Q59/Q70,0) -> #DIV/0! | R71: =ROUND(R59/R70,0) -> #DIV/0! | CC71: 8. 공장 신설비용 | CE71: 한국 | CF71: U국가 | CG71: C국가 | CK71: 1.3.5 품질개선비 | CL71: 총액 | CM71: =CF17/(6+CF12) -> 15000000 | CN71: N/A | CO71: =CG17/CG12 -> #DIV/0! | CP71: N/A | CQ71: =CH17/CH12 -> #DIV/0! | CR71: N/A
J72: 2-1. U국가 시장 매출액 | K72: =K73*K74*G38 -> 23006720000 | CD72: 공장신설비용 | CE72: 10000000000 | CF72: 10000000 | CG72: 30000000 | CK72: 1.3.6 생산라인 교육비 | CL72: 총액 | CM72: =CM73*CM74*CM75 -> 500000000 | CN72: =CN73*CN74*CN75 -> 0 | CO72: =CO73*CO74*CO75*CG20 -> 0 | CP72: =CP73*CP74*CP75*CG20 -> 0 | CQ72: =CQ73*CQ74*CQ75*CH20 -> 0 | CR72: =CR73*CR74*CR75*CI20 -> 0
J73: U국가영업본부 가격 | K73: =L10 -> 640 | CC73: 9. 공장 감가상각비율 | CD73: 감가상각분기 | CE73: 25 | CL73: 신설 라인수 | CM73: =CM65 -> 1 | CN73: =CN65 -> 0 | CO73: =CO65 -> 0 | CP73: =CP65 -> 0 | CQ73: =CQ65 -> 0 | CR73: =CR65 -> 0
J74: U국가영업본부 판매량 | K74: =G6 -> 32680 | CD74: 초기 구입가 | CE74: 감가 상각비율 | CF74: 분기별 감가상각비 | CL74: 라인당 교육훈련비 | CM74: =CE68 -> 500000000 | CN74: =CM74 -> 500000000 | CO74: =CF68 -> 500000 | CP74: =CO74 -> 500000 | CQ74: =CG68 -> 1500000 | CR74: =CQ74 -> 1500000
J75: 2-2. C국가 시장 매출액 | K75: =K76*K77*H38 -> 20282500000 | CC75: 한국 공장 | CD75: 10000000000 | CE75: 0.04 | CF75: =CD75*CE75 -> 400000000 | CL75: 소비자 물가 지수 | CM75: =CM70 -> 1 | CN75: =CN70 -> 1 | CO75: =CO70 -> 1 | CP75: =CP70 -> 1 | CQ75: =CQ70 -> 1 | CR75: =CR70 -> 1
J76: C국가영업본부 가격 | K76: =M10 -> 3800 | CC76: U국가 공장 | CD76: 11000000000 | CE76: 0.04 | CF76: =CD76*CE76 -> 440000000 | CK76: 2. 생산량 | CM76: =CM52 -> 21600 | CN76: =CN52 -> 0 | CO76: =CO52 -> 0 | CP76: =CP52 -> 0 | CQ76: =CQ52 -> 0 | CR76: =CR52 -> 0
J77: C국가영업본부 판매량 | K77: =H6 -> 30500 | CC77: C국가 공장 | CD77: 5250000000 | CE77: 0.04 | CF77: =CD77*CE77 -> 210000000 | CK77: 3. 단위당 제조원가 | CM77: =CM49/CM76 -> 339583.33 | CN77: =CN49/CN76 -> #DIV/0! | CO77: =CO49/CO76 -> #DIV/0! | CP77: =CP49/CP76 -> #DIV/0! | CQ77: =CQ49/CQ76 -> #DIV/0! | CR77: =CR49/CR76 -> #DIV/0!
J78: 3. 청산 매출액 | L78: =K79+K81+K83 -> 0 | CC78: 10. 생산라인 감가상각비율 | CD78: 감가상각분기 | CE78: 20
J79: 3-1. 한국영업본부 청산매출액 | K79: =K80*P211 -> 0 | CD79: 초기 구입가 | CE79: 감가 상각비율 | CF79: 분기별 감가상각비
J80: * 한국 청산판매량 | K80: =F8 -> 0 | CC80: 한국 공장 | CD80: 2000000000 | CE80: 0.05 | CF80: =CD80*CE80 -> 100000000
J81: 3-2. U국가영업본부 청산매출액 | K81: =K82*P211 -> 0 | CC81: U국가 공장 | CD81: 2200000000 | CE81: 0.05 | CF81: =CD81*CE81 -> 110000000
J82: * U국가 청산판매량 | K82: =G8 -> 0 | CC82: C국가 공장 | CD82: 1750000000 | CE82: 0.05 | CF82: =CD82*CE82 -> 87500000
J83: 3-3. C국가영업본부 청산매출액 | K83: =K84*P211 -> 0 | CC83: 11. 생산라인 조업중지 노무비율 | CD83: 현분기 노무비의 지급 비율 | CE83: 0.6
J84: * C국가 청산판매량 | K84: =H8 -> 0 | O84: ▶ 단위당 판매 관리비 작성도구 (자동계산) | CC84: 12. 생산라인의 패쇄비율 | CD84: 장부가의 폐쇄 비율 | CE84: 0.3
J85: II. 매출원가 | L85: =L86+L87-L88 -> 46923785929 | CC85: 13. 공장의 패쇄비율 | CD85: 장부가의 폐쇄 비율 | CE85: 0.5
J86: 1. 기초 제품 재고액 | L86: =P11 -> 5564520000 | O86: 판매 및 관리비 | P86: 한국 | Q86: U국가 | R86: C국가 | S86: 합계
J87: 2. 당분기 생산원가 | L87: =P59+Q59+R59 -> 49196000000 | O87: 1. 임직원급여 | P87: =L100 -> 2813406000 | Q87: =L103 -> 732966300 | R87: =L105 -> 388694250 | S87: =SUM(P87:R87) -> 3935066550
J88: 3. 기말 제품 재고액 | L88: =K93+K89 -> 7836734071 | O88: 2. 영업직원급여 | P88: =K108 -> 2200000000 | Q88: =K112 -> 1573000000 | R88: =K116 -> 750750000 | S88: =SUM(P88:R88) -> 4523750000
J89: 3-1. 부품 재고액 | K89: =K90*Q109*F37+K91*S109*G37*G38+K92*U127*H37*H38 -> 0 | O89: 3. 임직원인센티브 | P89: =L123*(F6/SUM(F6:H6)) -> 7.7021408e+08 | Q89: =L123*(G6/SUM(F6:H6)) -> 3.7748344e+08 | R89: =L123*(H6/SUM(F6:H6)) -> 3.5230248e+08 | S89: =SUM(P89:R89) -> 1500000000
J90: 한국 부품 재고량 | K90: =F17 -> 0 | O90: 4. 광고비 | P90: =K125 -> 3200000000 | Q90: =K126 -> 2090000000 | R90: =K128 -> 2100000000 | S90: =SUM(P90:R90) -> 7390000000
B91: `` | J91: U국가 부품 재고량 | K91: =G17 -> 0 | O91: 5. 판매 촉진비 | P91: =K131 -> 1200000000 | Q91: =K134 -> 660000000 | R91: =K137 -> 393750000 | S91: =SUM(P91:R91) -> 2253750000
J92: C국가 부품 재고량 | K92: =H17 -> 0 | O92: 6. 물류비 | P92: =K141 -> 760800000 | Q92: =K143 -> 1500000000 | R92: =K146 -> 1200000000 | S92: =SUM(P92:R92) -> 3460800000
J93: 3-2. 제품 재고액 | K93: =(K94+K95+K96)*P71 -> 7836734071 | O93: 7. 재고관리비 | P93: =K150 -> 725960000 | Q93: =K152 -> 155232000 | R93: =K154 -> 0 | S93: =SUM(P93:R93) -> 881192000
F94: 조정 계수 | J94: 한국 제품 재고량 | K94: =F7 -> 18149 | O94: 8. 영업본부 유지비 | P94: =K157 -> 500000000 | Q94: =K158 -> 550000000 | R94: =K159 -> 350000000 | S94: =SUM(P94:R94) -> 1400000000
F95: 현재 임직원급여 | G95: 5315000000 | H95: 5315000000 | J95: U국가 제품 재고량 | K95: =G7 -> 3528 | O95: 9. 유통매장 유지비 | P95: =K161 -> 1500000000 | Q95: =K163 -> 1155000000 | R95: =K165 -> 656250000 | S95: =SUM(P95:R95) -> 3311250000
F96: 조정되어야 할 값 | G96: 2.2986932e+09 | H96: =2298693181.0074-1800000000 -> 4.9869318e+08 | J96: C국가 제품 재고량 | K96: =H7 -> 0 | O96: 10. 교육훈련비 | P96: =K169+K174 -> 610000000 | Q96: =K170+K176 -> 350900000 | R96: =K171+K178 -> 290500000 | S96: =SUM(P96:R96) -> 1251400000
J97: III. 매출 총 이익 | L97: =L67-L85 -> 41707834071 | O97: 11. 연구개발비 | P97: =L179*(F6/SUM(F6:H6)) -> 1.8795791e+09 | Q97: =L179*(G6/SUM(F6:H6)) -> 9.2118543e+08 | R97: =L179*(H6/SUM(F6:H6)) -> 8.5973548e+08 | S97: =SUM(P97:R97) -> 3660500000
F98: 조정계수 | G98: =G96/G95 -> 0.43249166 | J98: IV. 판매 및 관리비 | L98: =L99+L107+L123+L124+L130+L140+L149+L156+L160+L167+L179+L189+L190 -> 36738340205 | O98: 12. 본사임차료 | P98: =L189*(F6/SUM(F6:H6)) -> 5.1347605e+08 | Q98: =L189*(G6/SUM(F6:H6)) -> 2.5165563e+08 | R98: =L189*(H6/SUM(F6:H6)) -> 2.3486832e+08 | S98: =SUM(P98:R98) -> 1e+09
F99: 조정계수 | G99: 0.74037 | J99: 1. 임직원 급여 | L99: =L100+L103+L105 -> 3935066550 | O99: 13. 기타비용 | P99: =K192+(SUM(K201:K203)*(F6/SUM(F6:H6))) -> 9.8042283e+08 | Q99: =K195+(SUM(K201:K203)*(G6/SUM(F6:H6))) -> 5.1448677e+08 | R99: =K198+(SUM(K201:K203)*(H6/SUM(F6:H6))) -> 4.3572205e+08 | S99: =SUM(P99:R99) -> 1930631655
I100: =0.69 -> 0.69 | J100: 1-1. 한국 임직원 급여 | K100: =K101+K102 -> 3800000000 | L100: =K100*$G$99 -> 2813406000 | O100: I. 판매 및 관리비 총합 | P100: =SUM(P87:P99) -> 1.7653858e+10 | Q100: =SUM(Q87:Q99) -> 1.083191e+10 | R100: =SUM(R87:R99) -> 8.0125726e+09 | S100: =SUM(P100:R100) -> 36498340205
J101: 한국 본사 임직원급여 | K101: =P212*F37 -> 3000000000 | L101: =K101*$G$99 -> 2221110000 | O101: II. 판매량 예측치 | P101: =F6 -> 66680 | Q101: =G6 -> 32680 | R101: =H6 -> 30500 | S101: =SUM(P101:R101) -> 129860
J102: 한국 영업본부 임직원급여 | K102: =P213*F37 -> 800000000 | L102: =K102*$G$99 -> 592296000 | O102: III. 단위당 판관비 | P102: =P100/P101 -> 264754.92 | Q102: =Q100/Q101 -> 331453.78 | R102: =R100/R101 -> 262707.3
...

Sheet 5. 경제성 분석 도구
D2: 경제성 분석 (1) - BEP 분석 | X2: 경제성 분석(2) - NPV 분석 | AJ2: 경제성 분석 (3) - IRR 분석 | AV2: 경제성 분석 (4) - EVA 분석 | BQ2: 경제성 분석 (5). 생산성 분석
D4: 1. 매출액과 비용이 일치하는 점, 즉 이익이 ‘0’이 되는 손익분기점을 찾아서 매출액, 비용, 이익 간의 관계를 분석하는 기법입니다. 2. 가격, 고정비, 변동비, 생산량을 입력한 후 이익이 0이 되는 생산량의 지점을 찾아보시기 바랍니다. | X4: 1. 프로젝트 수행 시 투자로부터 기대되는 미래 현금유입의 현재가치와 현금유출의 현재가치를 비교하여 투자안의 경제성을 평가하는 기법입니다. 2. 자본 조달 비용과 각 투자안들의 예상되는 현금흐름을 입력한 후 NPV를 추정해 보시기 바랍니다. | AJ4: 1. 프로젝트 수행 시 투자로부터 기대되는 현금유입의 현재가치와 현금유출의 현재가치를 같게 하는 할인율을 계산해 투자의사결정을 하는 기법입니다. 2. 자본 조달 비용과 각 투자안들의 예상되는 현금흐름을 입력한 후 IRR을 추정해 보시기 바랍니다. | AV4: 1. 세후 영업이익에서 자본비용을 차감한 경제적 부가가치를 이용하여 기업이 고유의 영업활동을 통해 창출한 순가치 증가분을 계산하는 기법입니다. 2. 세후 영업이익의 주요 지표와 자본비용의 주요 지표를 입력한 후 EVA를 계산해 보시기 바랍니다. | BQ4: 1. 경영활동을 위해 투입된 요소들에 대해 얼마나 효율적으로 성과를 창출하고 있는가를 측정하는 분석 방법입니다. 2. 재무지표를 활용해 부가가치를 계산한 후 생산성을 분석해 보시기 바랍니다.
D6: 1. 가격 | E6: 680000 | G6: 4. 생산량 | H6: 5. 매출액 | I6: 6. 고정비 | J6: 7. 변동비 | K6: 8. 총 비용 | L6: 9. 이익 | AV6: 구분 | AW6: 주요 지표 | AX6: 금액 | BE6: =AV17 -> EVA | BQ6: 구분 | BR6: 의미 | BS6: 주요 지표 | BT6: 금액 | BU6: 생산성
G7: 10000 | H7: =$E$6*G7 -> 6800000000 | I7: =$E$14 -> 4500000000 | J7: =G7*$E$23 -> 3800000000 | K7: =I7+J7 -> 8300000000 | L7: =H7-K7 -> -1500000000 | X7: 자본 조달 비용(이자율) | Y7: 0.1 | AJ7: 자본 조달 비용(이자율) | AK7: 0.1 | AV7: 세후 영업이익 | AW7: 영업이익 | AX7: ='4. 재무분석도구'!P29 -> 4969493866 | BE7: =AX17 -> 3.4226431e+09 | BQ7: 1. 부가가치 | BR7: 일정 기간동안 경영활동을 통해 새롭게 부가된 가치 | BS7: 경상이익 | BT7: ='4. 재무분석도구'!P37 -> 5021753866 | BU7: =SUM(BT7:BT12) -> 16220570416
G8: 11000 | H8: =$E$6*G8 -> 7480000000 | I8: =$E$14 -> 4500000000 | J8: =G8*$E$23 -> 4180000000 | K8: =I8+J8 -> 8680000000 | L8: =H8-K8 -> -1200000000 | AW8: 법인세 | AX8: ='4. 재무분석도구'!P40 -> 9.8435077e+08 | BS8: 인건비 | BT8: ='4. 재무분석도구'!P16+'4. 재무분석도구'!P17+'4. 재무분석도구'!P18 -> 10198816550
D9: 2. 고정비 항목 | E9: 금액 | G9: 12000 | H9: =$E$6*G9 -> 8160000000 | I9: =$E$14 -> 4500000000 | J9: =G9*$E$23 -> 4560000000 | K9: =I9+J9 -> 9060000000 | L9: =H9-K9 -> -900000000 | X9: 기간 | Y9: 투자안 A | Z9: 투자안 B | AA9: 투자안 C | AJ9: 기간 | AK9: 투자안 A | AL9: 투자안 B | AM9: 투자안 C | AW9: 세후 영업이익 합계 | AX9: =AX7-AX8 -> 3.9851431e+09 | BS9: 임차료 | BT9: 0
D10: 공장 임대료 | E10: 1500000000 | G10: 13000 | H10: =$E$6*G10 -> 8840000000 | I10: =$E$14 -> 4500000000 | J10: =G10*$E$23 -> 4940000000 | K10: =I10+J10 -> 9440000000 | L10: =H10-K10 -> -600000000 | X10: 1차년도 | Y10: -300000000 | Z10: -400000000 | AA10: -500000000 | AJ10: 1차년도 | AK10: -300000000 | AL10: -400000000 | AM10: -500000000 | AV10: 자본 비용 | AW10: 자본금 | AX10: 25000000000 | BA10: =AV7 -> 세후 영업이익 | BI10: =AV10 -> 자본 비용 | BS10: 순금융비용 | BT10: ='4. 재무분석도구'!P34 -> 0
D11: 기계 설비 임대료 | E11: 3000000000 | G11: 14000 | H11: =$E$6*G11 -> 9520000000 | I11: =$E$14 -> 4500000000 | J11: =G11*$E$23 -> 5320000000 | K11: =I11+J11 -> 9820000000 | L11: =H11-K11 -> -300000000 | X11: 2차년도 | Y11: 50000000 | Z11: 100000000 | AA11: 150000000 | AJ11: 2차년도 | AK11: 50000000 | AL11: 100000000 | AM11: 150000000 | AW11: 자본 조달 비율 | AX11: 0.15 | BA11: =AX7-AX8 -> 3.9851431e+09 | BI11: =AX16 -> 562500000 | BS11: 조세 공과 | BT11: 0
G12: 15000 | H12: =$E$6*G12 -> 10200000000 | I12: =$E$14 -> 4500000000 | J12: =G12*$E$23 -> 5700000000 | K12: =I12+J12 -> 10200000000 | L12: =H12-K12 -> 0 | X12: 3차년도 | Y12: 100000000 | Z12: 150000000 | AA12: 200000000 | AJ12: 3차년도 | AK12: 100000000 | AL12: 150000000 | AM12: 200000000 | AW12: 자기 자본비용 | AX12: =AX10*AX11*0.15 -> 562500000 | BS12: 감가상각비 | BT12: ='4. 재무분석도구'!S63+'4. 재무분석도구'!S64 -> 1000000000
G13: 16000 | H13: =$E$6*G13 -> 10880000000 | I13: =$E$14 -> 4500000000 | J13: =G13*$E$23 -> 6080000000 | K13: =I13+J13 -> 10580000000 | L13: =H13-K13 -> 300000000 | X13: 4차년도 | Y13: 150000000 | Z13: 200000000 | AA13: 250000000 | AJ13: 4차년도 | AK13: 150000000 | AL13: 200000000 | AM13: 250000000 | AW13: 부채 | AX13: 0 | BQ13: 2. 부가가치 비율 | BR13: 일정기간 동안 창출한 부가가치와 매출액과의 비율 | BS13: 부가가치 | BT13: =BU7 -> 16220570416 | BU13: =BT13/BT14 -> 0.1830111
D14: 합계 | E14: =SUM(E10:E13) -> 4500000000 | G14: 17000 | H14: =$E$6*G14 -> 11560000000 | I14: =$E$14 -> 4500000000 | J14: =G14*$E$23 -> 6460000000 | K14: =I14+J14 -> 10960000000 | L14: =H14-K14 -> 600000000 | X14: 5차년도 | Y14: 200000000 | Z14: 250000000 | AA14: 300000000 | AJ14: 5차년도 | AK14: 200000000 | AL14: 250000000 | AM14: 300000000 | AW14: 자본 조달 비율 | AX14: 0.15 | AZ14: =AW7 -> 영업이익 | BD14: =AW8 -> 법인세 | BH14: 타인 자본 비용 | BL14: =AW12 -> 자기 자본비용 | BS14: 매출액 | BT14: ='4. 재무분석도구'!P6 -> 88631620000
G15: 18000 | H15: =$E$6*G15 -> 12240000000 | I15: =$E$14 -> 4500000000 | J15: =G15*$E$23 -> 6840000000 | K15: =I15+J15 -> 11340000000 | L15: =H15-K15 -> 900000000 | X15: 6차년도 | Y15: 250000000 | Z15: 300000000 | AA15: 350000000 | AJ15: 6차년도 | AK15: 250000000 | AL15: 300000000 | AM15: 350000000 | AW15: 타인 자본비용 | AX15: =AX13*AX14 -> 0 | AZ15: =AX7 -> 4969493866 | BD15: =AX8 -> 9.8435077e+08 | BH15: =AX15 -> 0 | BL15: =AX12 -> 562500000 | BQ15: 3. 노동 생산성 | BR15: 노동 투입량 1단위 (시간, 인원 등)가 창출한 부가가치 | BS15: 부가가치 | BT15: =BU7 -> 16220570416 | BU15: =BT15/BT16 -> #DIV/0!
G16: 19000 | H16: =$E$6*G16 -> 12920000000 | I16: =$E$14 -> 4500000000 | J16: =G16*$E$23 -> 7220000000 | K16: =I16+J16 -> 11720000000 | L16: =H16-K16 -> 1200000000 | AW16: 자본비용 합계 | AX16: =AX12+AX15*0.25 -> 562500000 | BS16: 노동투입시간 | BT16: 0
D17: 3. 변동비 항목 | E17: 금액 | G17: 20000 | H17: =$E$6*G17 -> 13600000000 | I17: =$E$14 -> 4500000000 | J17: =G17*$E$23 -> 7600000000 | K17: =I17+J17 -> 12100000000 | L17: =H17-K17 -> 1500000000 | AV17: EVA | AW17: 세후 영업이익 - 자본비용 | AX17: =AX9-AX16 -> 3.4226431e+09 | BQ17: 4. 노동 분배율 | BR17: 부가가치 중 인건비가 차지하는 비율 | BS17: 인건비 | BT17: =BT8 -> 10198816550 | BU17: =BT17/BT18 -> 0.35289944
D18: 단위당 재료비 | E18: 200000 | G18: 21000 | H18: =$E$6*G18 -> 14280000000 | I18: =$E$14 -> 4500000000 | J18: =G18*$E$23 -> 7980000000 | K18: =I18+J18 -> 12480000000 | L18: =H18-K18 -> 1800000000 | X18: 투자안 | Y18: 투자안 A | Z18: 투자안 B | AA18: 투자안 C | AJ18: 투자안 | AK18: 투자안 A | AL18: 투자안 B | AM18: 투자안 C | BS18: 부가가치 | BT18: 2.8900064e+10
D19: 단위당 제조경비 | E19: 80000 | G19: 22000 | H19: =$E$6*G19 -> 14960000000 | I19: =$E$14 -> 4500000000 | J19: =G19*$E$23 -> 8360000000 | K19: =I19+J19 -> 12860000000 | L19: =H19-K19 -> 2100000000 | X19: 순현재가치 NPV | Y19: =NPV($Y$7,Y10:Y15) -> 2.1148129e+08 | Z19: =NPV($Y$7,Z10:Z15) -> 2.9288069e+08 | AA19: =NPV($Y$7,AA10:AA15) -> 3.7428008e+08 | AJ19: 내부수익률 IRR | AK19: =IRR(AK10:AK15) -> 0.30437431 | AL19: =IRR(AL10:AL15) -> 0.32661894 | AM19: =IRR(AM10:AM15) -> 0.34121105 | BQ19: 5. 자본생산성 | BR19: 투자된 총자본에 대한 부가가치 창출 비율 | BS19: 부가가치 | BT19: =BU7 -> 16220570416 | BU19: =BT19/BT20 -> 0.21850271
D20: 단위당 인건비 | E20: 100000 | G20: 23000 | H20: =$E$6*G20 -> 15640000000 | I20: =$E$14 -> 4500000000 | J20: =G20*$E$23 -> 8740000000 | K20: =I20+J20 -> 13240000000 | L20: =H20-K20 -> 2400000000 | BS20: 총자본 | BT20: ='4. 재무분석도구'!AL37 -> 7.42351e+10
G21: 24000 | H21: =$E$6*G21 -> 16320000000 | I21: =$E$14 -> 4500000000 | J21: =G21*$E$23 -> 9120000000 | K21: =I21+J21 -> 13620000000 | L21: =H21-K21 -> 2700000000
G22: 25000 | H22: =$E$6*G22 -> 17000000000 | I22: =$E$14 -> 4500000000 | J22: =G22*$E$23 -> 9500000000 | K22: =I22+J22 -> 14000000000 | L22: =H22-K22 -> 3000000000
D23: 합계 | E23: =SUM(E18:E21) -> 380000 | G23: 26000 | H23: =$E$6*G23 -> 17680000000 | I23: =$E$14 -> 4500000000 | J23: =G23*$E$23 -> 9880000000 | K23: =I23+J23 -> 14380000000 | L23: =H23-K23 -> 3300000000
G24: 27000 | H24: =$E$6*G24 -> 18360000000 | I24: =$E$14 -> 4500000000 | J24: =G24*$E$23 -> 10260000000 | K24: =I24+J24 -> 14760000000 | L24: =H24-K24 -> 3600000000
G25: 28000 | H25: =$E$6*G25 -> 19040000000 | I25: =$E$14 -> 4500000000 | J25: =G25*$E$23 -> 10640000000 | K25: =I25+J25 -> 15140000000 | L25: =H25-K25 -> 3900000000
G26: 29000 | H26: =$E$6*G26 -> 19720000000 | I26: =$E$14 -> 4500000000 | J26: =G26*$E$23 -> 11020000000 | K26: =I26+J26 -> 15520000000 | L26: =H26-K26 -> 4200000000
G27: 30000 | H27: =$E$6*G27 -> 20400000000 | I27: =$E$14 -> 4500000000 | J27: =G27*$E$23 -> 11400000000 | K27: =I27+J27 -> 15900000000 | L27: =H27-K27 -> 4500000000

Sheet 6. What-if 및 시나리오 분석
B2: (1) What-if 분석 (민감도 분석) | O2: (2) 시나리오 분석
B4: 1. 가격을 변화시킬 때, 이익에 미치는 영향을 분석하는 도구입니다. 2. 기준 가격과 판매량을 결정한 다음에, 조정하고자 하는 가격을 입력해 보시기 바랍니다. 3. 가격의 변화에 따라서 판매량의 변화를 추정한 다음에, 그에 따른 이익 변화를 분석해 바랍니다. | O4: 1. 판매량의 변화에 따른 예상되는 시나리오에 따른 이익 변화를 분석하기 위한 미션입니다. 2. 판매량의 변화를 최악, 일반, 최고의 상황으로 나누어서 추정하고, 그에 따른 확률, 가격을 입력하기 바랍니다. 3. 세가지 상황에 따른 영업 이익을 추정해 보십시오.
O6: ▶ 사례 #1. 판매량 변화에 따른 시나리오 분석
B7: ▶ 분석 #1. 가격 조정에 따른 손익변화 (한국 시장) | G7: One Input table을 활용한 영업이익 변화 분석 | O7: (Input) 세 종류의 시나리오에 따른 판매량 | T7: (Output) 세 종류의 시나리오에 따른 영업 이익
C8: 1. 기준점 | D8: 2. 변화량 | E8: 3. 합계 | G8: 가격 조정에 따른 판매 변화량 | H8: 영업이익 | O8: 시나리오 | P8: 최악의 상황 | Q8: 일반적 상황 | R8: 최고의 상황 | T8: 손익추정 | U8: 최악의 상황 | V8: 일반적 상황 | W8: 최고의 상황
B9: 가격 | C9: 680000 | D9: 20000 | E9: =C9+D9 -> 700000 | G9: (기준) | H9: =D14 -> 318679000 | O9: 한국 판매량 | P9: 40000 | Q9: 66680 | R9: 70000 | T9: 매출액 | U9: =SUM(U10:U12) -> 51255000000 | V9: =SUM(V10:V12) -> 88631620000 | W9: =SUM(W10:W12) -> 95515000000
B10: 판매량 | C10: 66680 | D10: -3000 | E10: =C10+D10 -> 63680 | G10: -1000 | H10: 995293000 | O10: U국가 판매량 | P10: 20000 | Q10: 32680 | R10: 35000 | T10: 한국 | U10: =P9*P14 -> 27200000000 | V10: =Q9*P14 -> 45342400000 | W10: =R9*P14 -> 47600000000
B11: 매출액 | C11: =C9*C10*C17 -> 45342400000 | D11: =E11-C11 -> -766400000 | E11: =E9*E10*C17 -> 44576000000 | G11: -1500 | H11: 826139500 | O11: C국가 판매량 | P11: 15000 | Q11: 30500 | R11: 35000 | T11: U국가 | U11: =P10*Q14*Q15 -> 14080000000 | V11: =Q10*Q14*Q15 -> 23006720000 | W11: =R10*Q14*Q15 -> 24640000000
B12: 매출원가 | C12: =C10*C16 -> 24117689240 | D12: =D10*C16 -> -1085079000 | E12: =E10*C16 -> 23032610240 | G12: -2000 | H12: 656986000 | O12: 총 판매량 | P12: =SUM(P9:P11) -> 75000 | Q12: =SUM(Q9:Q11) -> 129860 | R12: =SUM(R9:R11) -> 140000 | T12: C국가 | U12: =P11*R14*R15 -> 9975000000 | V12: =Q11*R14*R15 -> 20282500000 | W12: =R11*R14*R15 -> 23275000000
B13: 판관비 | C13: 2.4040603e+09 | D13: 0 | E13: 2.4040603e+09 | G13: -2500 | H13: 487832500 | O13: 발생 확률 | P13: 0.2 | Q13: 0.5 | R13: 0.3 | T13: 매출원가 | U13: =P16 -> 46940607948 | V13: =Q16 -> 46940607948 | W13: =R16 -> 46940607948
B14: 영업이익 | C14: =C11-C12-C13 -> 1.882065e+10 | D14: =E14-C14 -> 318679000 | E14: =E11-E12-E13 -> 1.9139329e+10 | G14: -3000 | H14: 318679000 | O14: 시장별 판매 가격 | P14: 680000 | Q14: 640 | R14: 3800 | T14: 한국 | U14: =U13*(P9/SUM(P9:P11)) -> 2.5034991e+10 | V14: =V13*(Q9/SUM(Q9:Q11)) -> 2.4102878e+10 | W14: =W13*(R9/SUM(R9:R11)) -> 23470303974
G15: -3500 | H15: 149525500 | O15: 환율 | Q15: 1100 | R15: 175 | T15: U국가 | U15: =U13*(P10/SUM(P9:P11)) -> 1.2517495e+10 | V15: =V13*(Q10/SUM(Q9:Q11)) -> 1.1812868e+10 | W15: =W13*(R10/SUM(R9:R11)) -> 11735151987
B16: 제조원가 | C16: 361693 | G16: -4000 | H16: -19628000 | O16: 매출원가(손익계산서 추정) | P16: 46940607948 | Q16: 46940607948 | R16: 46940607948 | T16: C국가 | U16: =U13*(P11/SUM(P9:P11)) -> 9.3881216e+09 | V16: =V13*(Q11/SUM(Q9:Q11)) -> 1.1024862e+10 | W16: =W13*(R11/SUM(R9:R11)) -> 11735151987
B17: 환율 | C17: 1 | G17: -4500 | H17: -188781500 | O17: 판관비(손익계산서 추정) | P17: 36417142000 | Q17: 36417142000 | R17: 36417142000 | T17: 판관비 | U17: =P17 -> 36417142000 | V17: =Q17 -> 36417142000 | W17: =R17 -> 36417142000
G18: -5000 | H18: -357935000 | T18: 한국 | U18: =U17*(P9/SUM(P9:P11)) -> 1.9422476e+10 | V18: =V17*(Q9/SUM(Q9:Q11)) -> 1.869933e+10 | W18: =W17*(R9/SUM(R9:R11)) -> 18208571000
T19: U국가 | U19: =U17*(P10/SUM(P9:P11)) -> 9.7112379e+09 | V19: =V17*(Q10/SUM(Q9:Q11)) -> 9.1645788e+09 | W19: =W17*(R10/SUM(R9:R11)) -> 9104285500
T20: C국가 | U20: =U17*(P11/SUM(P9:P11)) -> 7283428400 | V20: =V17*(Q11/SUM(Q9:Q11)) -> 8.553233e+09 | W20: =W17*(R11/SUM(R9:R11)) -> 9104285500
T21: 영업이익 | U21: =U9-U13-U17 -> -32102749948 | V21: =V9-V13-V17 -> 5273870052 | W21: =W9-W13-W17 -> 12157250052
B22: 1. 광고비를 변화시킬 때, 이익에 미치는 영향을 분석하는 도구입니다. 2. 기준 가격, 광고비, 판매량을 결정한 다음에, 조정하고자 하는 광고비를 입력해 보시기 바랍니다. 3. 광고비 변화에 따라서 판매량의 변화를 추정한 다음에, 그에 따른 이익 변화를 분석해 바랍니다.
B24: ▶ 분석 #2. 광고비 조정에 따른 손익변화 (한국 시장) | G24: One Input table을 활용한 영업이익 변화 분석
C25: 1. 기준점 | D25: 2. 변화량 | E25: 3. 합계 | G25: 광고비 조정에 따른 판매 변화량 | H25: 영업이익
B26: 가격 | C26: 680000 | D26: 0 | E26: =C26+D26 -> 680000 | G26: (기준) | H26: =D32 -> 473228000
B27: 광고비 | C27: 3200000000 | D27: 800000000 | E27: =C27+D27 -> 4000000000 | G27: 500 | H27: -640846500
B28: 판매량 | C28: 66680 | D28: 4000 | E28: =C28+D28 -> 70680 | G28: 1000 | H28: -481693000
B29: 매출액 | C29: =C26*C28*C17 -> 45342400000 | D29: =E29-C29 -> 2720000000 | E29: =E26*E28*C17 -> 48062400000 | G29: 1500 | H29: -322539500
B30: 매출원가 | C30: =C16*C28 -> 24117689240 | D30: =D28*C16 -> 1446772000 | E30: =E28*C16 -> 25564461240 | G30: 2000 | H30: -163386000
B31: 판관비 | C31: 2.4040603e+09 | D31: =D27 -> 800000000 | E31: =C31+D31 -> 3.2040603e+09 | G31: 2500 | H31: -4232500
B32: 영업이익 | C32: =C29-C30-C31 -> 1.882065e+10 | D32: =E32-C32 -> 473228000 | E32: =E29-E30-E31 -> 1.9293878e+10 | G32: 3000 | H32: 154921000
G33: 3500 | H33: 314074500
G34: 4000 | H34: 473228000
G35: 4500 | H35: 632381500
